[{"fields": {"domain": "localhost:8000", "name": "localhost:8000"}, "model": "sites.site", "pk": 2}, {"fields": {"expire_date": "2015-07-25T13:38:50.887Z", "session_data": "ZTg1YjBhMDI1OTZjOTI0OTRlOGI3NjM3OGViN2YyZjc3MTNkYzZmYzp7Il9hdXRoX3VzZXJfaGFzaCI6ImMwYzBhYjBkZjIyZGQ4M2Y1MjdkMjY1OWNiZjBmYTE4YTMxOWZjZDUiLCJfYXV0aF91c2VyX2lkIjoiMiIsIl9hdXRoX3VzZXJfYmFja2VuZCI6ImRqYW5nby5jb250cmliLmF1dGguYmFja2VuZHMuTW9kZWxCYWNrZW5kIn0="}, "model": "sessions.session", "pk": "wwd2qs61bqix185nnea6j4crwwqcnztm"}, {"fields": {"model": "permission", "app_label": "auth"}, "model": "contenttypes.contenttype", "pk": 1}, {"fields": {"model": "group", "app_label": "auth"}, "model": "contenttypes.contenttype", "pk": 2}, {"fields": {"model": "site", "app_label": "sites"}, "model": "contenttypes.contenttype", "pk": 3}, {"fields": {"model": "logentry", "app_label": "admin"}, "model": "contenttypes.contenttype", "pk": 4}, {"fields": {"model": "session", "app_label": "sessions"}, "model": "contenttypes.contenttype", "pk": 5}, {"fields": {"model": "contenttype", "app_label": "contenttypes"}, "model": "contenttypes.contenttype", "pk": 6}, {"fields": {"model": "docorsuser", "app_label": "docorsauth"}, "model": "contenttypes.contenttype", "pk": 7}, {"fields": {"model": "kvstore", "app_label": "thumbnail"}, "model": "contenttypes.contenttype", "pk": 8}, {"fields": {"model": "specialization", "app_label": "practitioner"}, "model": "contenttypes.contenttype", "pk": 9}, {"fields": {"model": "fellowship", "app_label": "practitioner"}, "model": "contenttypes.contenttype", "pk": 10}, {"fields": {"model": "condition", "app_label": "practitioner"}, "model": "contenttypes.contenttype", "pk": 11}, {"fields": {"model": "procedure", "app_label": "practitioner"}, "model": "contenttypes.contenttype", "pk": 12}, {"fields": {"model": "degree", "app_label": "practitioner"}, "model": "contenttypes.contenttype", "pk": 13}, {"fields": {"model": "practitioner", "app_label": "practitioner"}, "model": "contenttypes.contenttype", "pk": 14}, {"fields": {"model": "subscription", "app_label": "patients"}, "model": "contenttypes.contenttype", "pk": 15}, {"fields": {"model": "patient", "app_label": "patients"}, "model": "contenttypes.contenttype", "pk": 16}, {"fields": {"model": "city", "app_label": "practice"}, "model": "contenttypes.contenttype", "pk": 17}, {"fields": {"model": "area", "app_label": "practice"}, "model": "contenttypes.contenttype", "pk": 18}, {"fields": {"model": "checkupfee", "app_label": "practice"}, "model": "contenttypes.contenttype", "pk": 19}, {"fields": {"model": "practicelocation", "app_label": "practice"}, "model": "contenttypes.contenttype", "pk": 20}, {"fields": {"model": "practice", "app_label": "practice"}, "model": "contenttypes.contenttype", "pk": 21}, {"fields": {"model": "practicetiming", "app_label": "practice"}, "model": "contenttypes.contenttype", "pk": 22}, {"fields": {"model": "recentsearch", "app_label": "practice"}, "model": "contenttypes.contenttype", "pk": 23}, {"fields": {"model": "answer", "app_label": "reviews"}, "model": "contenttypes.contenttype", "pk": 24}, {"fields": {"model": "comment", "app_label": "reviews"}, "model": "contenttypes.contenttype", "pk": 25}, {"fields": {"model": "review", "app_label": "reviews"}, "model": "contenttypes.contenttype", "pk": 26}, {"fields": {"model": "question", "app_label": "reviews"}, "model": "contenttypes.contenttype", "pk": 27}, {"fields": {"model": "hitcount", "app_label": "hitcount"}, "model": "contenttypes.contenttype", "pk": 28}, {"fields": {"model": "hit", "app_label": "hitcount"}, "model": "contenttypes.contenttype", "pk": 29}, {"fields": {"model": "blacklistip", "app_label": "hitcount"}, "model": "contenttypes.contenttype", "pk": 30}, {"fields": {"model": "blacklistuseragent", "app_label": "hitcount"}, "model": "contenttypes.contenttype", "pk": 31}, {"fields": {"model": "emailaddress", "app_label": "account"}, "model": "contenttypes.contenttype", "pk": 32}, {"fields": {"model": "emailconfirmation", "app_label": "account"}, "model": "contenttypes.contenttype", "pk": 33}, {"fields": {"model": "socialapp", "app_label": "socialaccount"}, "model": "contenttypes.contenttype", "pk": 34}, {"fields": {"model": "socialaccount", "app_label": "socialaccount"}, "model": "contenttypes.contenttype", "pk": 35}, {"fields": {"model": "socialtoken", "app_label": "socialaccount"}, "model": "contenttypes.contenttype", "pk": 36}, {"fields": {"gender": "", "is_active": true, "modified": "2015-07-11T12:48:24.800Z", "year_of_birth": 0, "last_login": "2015-07-11T12:48:54.436Z", "full_name": "Asad Naeem", "is_admin": true, "password": "pbkdf2_sha256$20000$TVW2cb8Z1kLB$mJioZZH+wntFi5BydzWTUwKB6xHvg0rq/bJ5QIwdcGI=", "email": "asad.naeem@mezino.com"}, "model": "docorsauth.docorsuser", "pk": 2}, {"fields": {"gender": "M", "is_active": false, "modified": "2015-07-11T13:28:35.334Z", "year_of_birth": 1965, "last_login": null, "full_name": "Dr. Mudassir S. Sheikh", "is_admin": false, "password": "12345678", "email": "dr.mudassir.s.sheikh@gmail.com"}, "model": "docorsauth.docorsuser", "pk": 3}, {"fields": {"human_name": "Child Specialist (Pediatrics)", "SEO_name": "Child Specialist", "name": "Pediatrics", "slug": "pediatrics"}, "model": "practitioner.specialization", "pk": 1}, {"fields": {"human_name": "Digestive Disorder. (Gastroenterology)", "SEO_name": "Gastroenterologists", "name": "Gastroenterology", "slug": "gastroenterology"}, "model": "practitioner.specialization", "pk": 2}, {"fields": {"human_name": "Diabetes", "SEO_name": "Diabetologists", "name": "Diabetologists", "slug": "endocrinology"}, "model": "practitioner.specialization", "pk": 3}, {"fields": {"human_name": "Psychiatrist", "SEO_name": "Psychiatrist", "name": "Psychiatrists", "slug": "psychiatry"}, "model": "practitioner.specialization", "pk": 5}, {"fields": {"human_name": "Nervous System Disorder. (Neurology)", "SEO_name": "Neurologist", "name": "Neurologists", "slug": "neurology"}, "model": "practitioner.specialization", "pk": 6}, {"fields": {"human_name": "Eye Specialist", "SEO_name": "Ophthalmologist", "name": "Ophthalmology", "slug": "ophthalmology"}, "model": "practitioner.specialization", "pk": 7}, {"fields": {"human_name": "ENT (Ear Nose & Throat)", "SEO_name": "ENT Specialist", "name": "ENT Specialists", "slug": "oto-rhino-laryngology"}, "model": "practitioner.specialization", "pk": 8}, {"fields": {"human_name": "Orthopaedics (Musculoskeletal System)", "SEO_name": "Orthopedic Surgeons", "name": "Orthopedic Surgeons", "slug": "orthopaedic-surgery"}, "model": "practitioner.specialization", "pk": 9}, {"fields": {"human_name": "Family Physician", "SEO_name": "General Physicians", "name": "Family Medicine", "slug": "family-medicine"}, "model": "practitioner.specialization", "pk": 10}, {"fields": {"human_name": "Skin Specialist", "SEO_name": "Dermatologist", "name": "Dermatology", "slug": "dermatology"}, "model": "practitioner.specialization", "pk": 11}, {"fields": {"human_name": "Gyne. (Gynecologist)", "SEO_name": "Gynecologists", "name": "Obstetrics and Gynecology", "slug": "obstetrics-and-gynecology"}, "model": "practitioner.specialization", "pk": 12}, {"fields": {"human_name": "Kidneys. (Nephrologist)", "SEO_name": "Nephrologists", "name": "Nephrology", "slug": "nephrology"}, "model": "practitioner.specialization", "pk": 13}, {"fields": {"human_name": "Heart Specialist. (Cardiologist)", "SEO_name": "Cardiologists", "name": "Cardiology", "slug": "cardiology"}, "model": "practitioner.specialization", "pk": 14}, {"fields": {"human_name": "Allergy and Immune System", "SEO_name": "Allergy Doctor", "name": "Allergy and Immunology", "slug": "allergy-and-immunology"}, "model": "practitioner.specialization", "pk": 15}, {"fields": {"human_name": "Lungs. (Pulmonologist)", "SEO_name": "Pulmonologist", "name": "Pulmonology", "slug": "pulmonology"}, "model": "practitioner.specialization", "pk": 16}, {"fields": {"human_name": "Urologist. (Urinary Tract System)", "SEO_name": "Urologist", "name": "Urology", "slug": "urology"}, "model": "practitioner.specialization", "pk": 17}, {"fields": {"human_name": "Radiologist", "SEO_name": "Radiologist", "name": "Radiology", "slug": "radiology"}, "model": "practitioner.specialization", "pk": 18}, {"fields": {"human_name": "Cancer Specialists", "SEO_name": "Cancer Specialists", "name": "Cancer Specialists", "slug": "cancer-specialists"}, "model": "practitioner.specialization", "pk": 19}, {"fields": {"human_name": "Cardiac Surgeons", "SEO_name": "Cardiac Surgeons", "name": "Cardiac Surgeons", "slug": "cardiac-surgeons"}, "model": "practitioner.specialization", "pk": 20}, {"fields": {"human_name": "Chest Specialists", "SEO_name": "Chest Specialists", "name": "Chest Specialists", "slug": "chest-specialists"}, "model": "practitioner.specialization", "pk": 21}, {"fields": {"human_name": "Dermatologists", "SEO_name": "Dermatologists", "name": "Dermatologists", "slug": "dermatologists"}, "model": "practitioner.specialization", "pk": 22}, {"fields": {"human_name": "General Physicians", "SEO_name": "General Physicians", "name": "General Physicians", "slug": "general-physicians"}, "model": "practitioner.specialization", "pk": 23}, {"fields": {"human_name": "General Surgeons", "SEO_name": "General Surgeons", "name": "General Surgery", "slug": "general-surgeons"}, "model": "practitioner.specialization", "pk": 24}, {"fields": {"human_name": "Hepatologists", "SEO_name": "Hepatologists", "name": "Hepatologists", "slug": "hepatologists"}, "model": "practitioner.specialization", "pk": 25}, {"fields": {"human_name": "Neurosurgeons", "SEO_name": "Neurosurgeons", "name": "Neurosurgeons", "slug": "neurosurgeons"}, "model": "practitioner.specialization", "pk": 26}, {"fields": {"human_name": "Pediatric Surgeons", "SEO_name": "Pediatric Surgeons", "name": "Pediatric Surgeons", "slug": "pediatric-surgeons"}, "model": "practitioner.specialization", "pk": 27}, {"fields": {"human_name": "Plastic & Aesthetic Surgeons", "SEO_name": "Plastic & Aesthetic Surgeons", "name": "Plastic & Aesthetic Surgeons", "slug": "plastic-aesthetic-surgeons"}, "model": "practitioner.specialization", "pk": 29}, {"fields": {"human_name": "Anesthesiology", "SEO_name": "Anesthesiologist", "name": "Anesthesiology", "slug": "anesthesiology"}, "model": "practitioner.specialization", "pk": 30}, {"fields": {"slug": "asthma", "name": "Asthma", "specialization": 1}, "model": "practitioner.condition", "pk": 1}, {"fields": {"slug": "infections", "name": "Infections", "specialization": 1}, "model": "practitioner.condition", "pk": 2}, {"fields": {"slug": "headache", "name": "Headache", "specialization": 1}, "model": "practitioner.condition", "pk": 3}, {"fields": {"slug": "abdominal-pain", "name": "Abdominal Pain", "specialization": 2}, "model": "practitioner.condition", "pk": 4}, {"fields": {"slug": "anemia", "name": "Anemia", "specialization": 2}, "model": "practitioner.condition", "pk": 5}, {"fields": {"slug": "barretts-esophagus", "name": "Barrett's Esophagus", "specialization": 2}, "model": "practitioner.condition", "pk": 6}, {"fields": {"slug": "benign-neoplasm-of-the-digestive-system", "name": "Benign Neoplasm of the Digestive System", "specialization": 2}, "model": "practitioner.condition", "pk": 7}, {"fields": {"slug": "biliary-atresia", "name": "Biliary Atresia", "specialization": 2}, "model": "practitioner.condition", "pk": 8}, {"fields": {"slug": "cholecystitis-and-gallstones", "name": "Cholecystitis and Gallstones", "specialization": 2}, "model": "practitioner.condition", "pk": 9}, {"fields": {"slug": "cirrhosis", "name": "Cirrhosis", "specialization": 2}, "model": "practitioner.condition", "pk": 10}, {"fields": {"slug": "colorectal-cancer", "name": "Colorectal Cancer", "specialization": 2}, "model": "practitioner.condition", "pk": 11}, {"fields": {"slug": "crohns-disease-regional-enteritis", "name": "Crohn's Disease (Regional Enteritis)", "specialization": 2}, "model": "practitioner.condition", "pk": 12}, {"fields": {"slug": "diaphragmatic-and-or-hiatal-hernia", "name": "Diaphragmatic and-or Hiatal Hernia", "specialization": 2}, "model": "practitioner.condition", "pk": 13}, {"fields": {"slug": "diverticulitis-intestinal", "name": "Diverticulitis, Intestinal", "specialization": 2}, "model": "practitioner.condition", "pk": 14}, {"fields": {"slug": "diverticulosis-intestinal", "name": "Diverticulosis, Intestinal", "specialization": 2}, "model": "practitioner.condition", "pk": 15}, {"fields": {"slug": "diverticulum-of-esophagus", "name": "Diverticulum of Esophagus", "specialization": 2}, "model": "practitioner.condition", "pk": 16}, {"fields": {"slug": "duodenal-ulcer", "name": "Duodenal Ulcer", "specialization": 2}, "model": "practitioner.condition", "pk": 17}, {"fields": {"slug": "duodenitis", "name": "Duodenitis", "specialization": 2}, "model": "practitioner.condition", "pk": 18}, {"fields": {"slug": "dysphagia", "name": "Dysphagia", "specialization": 2}, "model": "practitioner.condition", "pk": 19}, {"fields": {"slug": "enteritis", "name": "Enteritis", "specialization": 2}, "model": "practitioner.condition", "pk": 20}, {"fields": {"slug": "esophageal-achalasia-and-cardiospasm", "name": "Esophageal Achalasia and Cardiospasm", "specialization": 2}, "model": "practitioner.condition", "pk": 21}, {"fields": {"slug": "esophageal-cancer", "name": "Esophageal Cancer", "specialization": 2}, "model": "practitioner.condition", "pk": 22}, {"fields": {"slug": "esophageal-dilation", "name": "Esophageal Dilation", "specialization": 2}, "model": "practitioner.condition", "pk": 23}, {"fields": {"slug": "esophageal-ulcer", "name": "Esophageal Ulcer", "specialization": 2}, "model": "practitioner.condition", "pk": 24}, {"fields": {"slug": "esophageal-varices", "name": "Esophageal Varices", "specialization": 2}, "model": "practitioner.condition", "pk": 25}, {"fields": {"slug": "esophagitis", "name": "Esophagitis", "specialization": 2}, "model": "practitioner.condition", "pk": 26}, {"fields": {"slug": "gas-bloat-syndrome", "name": "Gas-Bloat Syndrome", "specialization": 2}, "model": "practitioner.condition", "pk": 27}, {"fields": {"slug": "gastric-ulcer", "name": "Gastric Ulcer", "specialization": 2}, "model": "practitioner.condition", "pk": 28}, {"fields": {"slug": "gastritis", "name": "Gastritis", "specialization": 2}, "model": "practitioner.condition", "pk": 29}, {"fields": {"slug": "gastroesophageal-reflux-disease-gerd", "name": "Gastroesophageal Reflux Disease (GERD)", "specialization": 2}, "model": "practitioner.condition", "pk": 30}, {"fields": {"slug": "gastrointestinal-bleeding", "name": "Gastrointestinal Bleeding", "specialization": 2}, "model": "practitioner.condition", "pk": 31}, {"fields": {"slug": "gastrointestinal-malabsorption", "name": "Gastrointestinal Malabsorption", "specialization": 2}, "model": "practitioner.condition", "pk": 32}, {"fields": {"slug": "gastroparesis", "name": "Gastroparesis", "specialization": 2}, "model": "practitioner.condition", "pk": 33}, {"fields": {"slug": "aneurysm-and-dissection-of-heart", "name": "Aneurysm and Dissection of Heart", "specialization": 14}, "model": "practitioner.condition", "pk": 34}, {"fields": {"slug": "angina-and-acute-coronary-syndrome", "name": "Angina and Acute Coronary Syndrome", "specialization": 14}, "model": "practitioner.condition", "pk": 35}, {"fields": {"slug": "aortic-aneurysm", "name": "Aortic Aneurysm", "specialization": 14}, "model": "practitioner.condition", "pk": 36}, {"fields": {"slug": "aortic-dissection", "name": "Aortic Dissection", "specialization": 14}, "model": "practitioner.condition", "pk": 37}, {"fields": {"slug": "aortic-embolism-and-thrombosis", "name": "Aortic Embolism and Thrombosis", "specialization": 14}, "model": "practitioner.condition", "pk": 38}, {"fields": {"slug": "aortic-valve-disease", "name": "Aortic Valve Disease", "specialization": 14}, "model": "practitioner.condition", "pk": 39}, {"fields": {"slug": "arrhythmias-incl-atrial-fibrillation", "name": "Arrhythmias (incl. Atrial Fibrillation)", "specialization": 14}, "model": "practitioner.condition", "pk": 40}, {"fields": {"slug": "autonomic-disorders", "name": "Autonomic Disorders", "specialization": 14}, "model": "practitioner.condition", "pk": 41}, {"fields": {"slug": "cardiomegaly", "name": "Cardiomegaly", "specialization": 14}, "model": "practitioner.condition", "pk": 42}, {"fields": {"slug": "cardiomyopathy", "name": "Cardiomyopathy", "specialization": 14}, "model": "practitioner.condition", "pk": 43}, {"fields": {"slug": "carotid-artery-disease", "name": "Carotid Artery Disease", "specialization": 19}, "model": "practitioner.condition", "pk": 44}, {"fields": {"slug": "chronic-pulmonary-heart-diseases-incl-pulmonary-hy", "name": "Chronic Pulmonary Heart Diseases (incl. Pulmonary Hypertension)", "specialization": 14}, "model": "practitioner.condition", "pk": 45}, {"fields": {"slug": "congenital-heart-disease", "name": "Congenital Heart Disease", "specialization": 14}, "model": "practitioner.condition", "pk": 46}, {"fields": {"slug": "congestive-heart-failure", "name": "Congestive Heart Failure", "specialization": 14}, "model": "practitioner.condition", "pk": 47}, {"fields": {"slug": "coronary-artery-disease-cad", "name": "Coronary Artery Disease (CAD)", "specialization": 14}, "model": "practitioner.condition", "pk": 48}, {"fields": {"slug": "ebsteins-anomaly", "name": "Ebstein's Anomaly", "specialization": 14}, "model": "practitioner.condition", "pk": 49}, {"fields": {"slug": "endocarditis", "name": "Endocarditis", "specialization": 14}, "model": "practitioner.condition", "pk": 50}, {"fields": {"slug": "heart-attack-acute-myocardial-infarction", "name": "Heart Attack (Acute Myocardial Infarction)", "specialization": 14}, "model": "practitioner.condition", "pk": 51}, {"fields": {"slug": "hyperlipidemia", "name": "Hyperlipidemia", "specialization": 14}, "model": "practitioner.condition", "pk": 52}, {"fields": {"slug": "hypertension", "name": "Hypertension", "specialization": 14}, "model": "practitioner.condition", "pk": 53}, {"fields": {"slug": "hypertensive-chronic-kidney-disease", "name": "Hypertensive Chronic Kidney Disease", "specialization": 14}, "model": "practitioner.condition", "pk": 54}, {"fields": {"slug": "hypertensive-heart-and-chronic-kidney-disease", "name": "Hypertensive Heart and Chronic Kidney Disease", "specialization": 14}, "model": "practitioner.condition", "pk": 55}, {"fields": {"slug": "hypertensive-heart-disease", "name": "Hypertensive Heart Disease", "specialization": 14}, "model": "practitioner.condition", "pk": 56}, {"fields": {"slug": "hypotension", "name": "Hypotension", "specialization": 14}, "model": "practitioner.condition", "pk": 57}, {"fields": {"slug": "marfan-syndrome", "name": "Marfan Syndrome", "specialization": 14}, "model": "practitioner.condition", "pk": 58}, {"fields": {"slug": "mitral-valve-disease", "name": "Mitral Valve Disease", "specialization": 14}, "model": "practitioner.condition", "pk": 59}, {"fields": {"slug": "pericardial-disease", "name": "Pericardial Disease", "specialization": 14}, "model": "practitioner.condition", "pk": 60}, {"fields": {"slug": "primary-pulmonary-hypertension", "name": "Primary Pulmonary Hypertension", "specialization": 14}, "model": "practitioner.condition", "pk": 61}, {"fields": {"slug": "pulmonary-edema", "name": "Pulmonary Edema", "specialization": 14}, "model": "practitioner.condition", "pk": 62}, {"fields": {"slug": "pulmonary-hypertension", "name": "Pulmonary Hypertension", "specialization": 14}, "model": "practitioner.condition", "pk": 63}, {"fields": {"slug": "pulmonary-valve-disease", "name": "Pulmonary Valve Disease", "specialization": 14}, "model": "practitioner.condition", "pk": 64}, {"fields": {"slug": "septal-defect", "name": "Septal Defect", "specialization": 14}, "model": "practitioner.condition", "pk": 65}, {"fields": {"slug": "syncope", "name": "Syncope", "specialization": 14}, "model": "practitioner.condition", "pk": 66}, {"fields": {"slug": "tetralogy-of-fallot", "name": "Tetralogy of Fallot", "specialization": 14}, "model": "practitioner.condition", "pk": 67}, {"fields": {"slug": "tricuspid-valve-disease", "name": "Tricuspid Valve Disease", "specialization": 14}, "model": "practitioner.condition", "pk": 68}, {"fields": {"slug": "allergic-rhinitis", "name": "Allergic Rhinitis", "specialization": 1}, "model": "practitioner.condition", "pk": 69}, {"fields": {"slug": "allergies", "name": "Allergies", "specialization": 1}, "model": "practitioner.condition", "pk": 70}, {"fields": {"slug": "asthma-2", "name": "Asthma", "specialization": 1}, "model": "practitioner.condition", "pk": 71}, {"fields": {"slug": "asthma-in-children", "name": "Asthma in Children", "specialization": 1}, "model": "practitioner.condition", "pk": 72}, {"fields": {"slug": "atopic-dermatitis-eczema", "name": "Atopic Dermatitis (Eczema)", "specialization": 1}, "model": "practitioner.condition", "pk": 73}, {"fields": {"slug": "attention-deficit-disorder-add", "name": "Attention Deficit Disorder (ADD)", "specialization": 1}, "model": "practitioner.condition", "pk": 74}, {"fields": {"slug": "attention-deficit-hyperactivity-disorder-adhd", "name": "Attention Deficit Hyperactivity Disorder (ADHD)", "specialization": 1}, "model": "practitioner.condition", "pk": 75}, {"fields": {"slug": "chronic-sinusitis", "name": "Chronic Sinusitis", "specialization": 1}, "model": "practitioner.condition", "pk": 76}, {"fields": {"slug": "dermatitis", "name": "Dermatitis", "specialization": 1}, "model": "practitioner.condition", "pk": 77}, {"fields": {"slug": "diabetes", "name": "Diabetes", "specialization": 1}, "model": "practitioner.condition", "pk": 78}, {"fields": {"slug": "headache-2", "name": "Headache", "specialization": 1}, "model": "practitioner.condition", "pk": 79}, {"fields": {"slug": "hives", "name": "Hives", "specialization": 1}, "model": "practitioner.condition", "pk": 80}, {"fields": {"slug": "infections-2", "name": "Infections", "specialization": 1}, "model": "practitioner.condition", "pk": 81}, {"fields": {"slug": "injuries", "name": "Injuries", "specialization": 1}, "model": "practitioner.condition", "pk": 82}, {"fields": {"slug": "obesity", "name": "Obesity", "specialization": 1}, "model": "practitioner.condition", "pk": 83}, {"fields": {"slug": "otitis-media", "name": "Otitis Media", "specialization": 1}, "model": "practitioner.condition", "pk": 84}, {"fields": {"slug": "pediatric-disorders", "name": "Pediatric Disorders", "specialization": 1}, "model": "practitioner.condition", "pk": 85}, {"fields": {"slug": "pinkeye-conjunctivitis", "name": "Pinkeye (Conjunctivitis)", "specialization": 1}, "model": "practitioner.condition", "pk": 86}, {"fields": {"slug": "pollen-allergy", "name": "Pollen Allergy", "specialization": 1}, "model": "practitioner.condition", "pk": 87}, {"fields": {"slug": "sinusitis", "name": "Sinusitis", "specialization": 1}, "model": "practitioner.condition", "pk": 88}, {"fields": {"slug": "asthma-3", "name": "Asthma", "specialization": 16}, "model": "practitioner.condition", "pk": 89}, {"fields": {"slug": "breathing-disorders", "name": "Breathing Disorders", "specialization": 16}, "model": "practitioner.condition", "pk": 90}, {"fields": {"slug": "bronchiolitis", "name": "Bronchiolitis", "specialization": 16}, "model": "practitioner.condition", "pk": 91}, {"fields": {"slug": "bronchitis", "name": "Bronchitis", "specialization": 16}, "model": "practitioner.condition", "pk": 92}, {"fields": {"slug": "chronic-bronchitis", "name": "Chronic Bronchitis", "specialization": 16}, "model": "practitioner.condition", "pk": 93}, {"fields": {"slug": "chronic-pulmonary-heart-diseases-incl-pulmonary--2", "name": "Chronic Pulmonary Heart Diseases (incl. Pulmonary Hypertension)", "specialization": 16}, "model": "practitioner.condition", "pk": 94}, {"fields": {"slug": "copd-chronic-obstructive-pulmonary-disease", "name": "COPD (Chronic Obstructive Pulmonary Disease)", "specialization": 16}, "model": "practitioner.condition", "pk": 95}, {"fields": {"slug": "emphysema", "name": "Emphysema", "specialization": 16}, "model": "practitioner.condition", "pk": 96}, {"fields": {"slug": "insomnia", "name": "Insomnia", "specialization": 16}, "model": "practitioner.condition", "pk": 97}, {"fields": {"slug": "interstitial-lung-disease", "name": "Interstitial Lung Disease", "specialization": 16}, "model": "practitioner.condition", "pk": 98}, {"fields": {"slug": "lung-cancer", "name": "Lung Cancer", "specialization": 16}, "model": "practitioner.condition", "pk": 99}, {"fields": {"slug": "lung-nodule", "name": "Lung Nodule", "specialization": 16}, "model": "practitioner.condition", "pk": 100}, {"fields": {"slug": "pleural-effusion", "name": "Pleural Effusion", "specialization": 16}, "model": "practitioner.condition", "pk": 101}, {"fields": {"slug": "pneumonia", "name": "Pneumonia", "specialization": 16}, "model": "practitioner.condition", "pk": 102}, {"fields": {"slug": "primary-pulmonary-hypertension-2", "name": "Primary Pulmonary Hypertension", "specialization": 16}, "model": "practitioner.condition", "pk": 103}, {"fields": {"slug": "pulmonary-disease", "name": "Pulmonary Disease", "specialization": 16}, "model": "practitioner.condition", "pk": 104}, {"fields": {"slug": "pulmonary-embolism", "name": "Pulmonary Embolism", "specialization": 16}, "model": "practitioner.condition", "pk": 105}, {"fields": {"slug": "pulmonary-hypertension-2", "name": "Pulmonary Hypertension", "specialization": 16}, "model": "practitioner.condition", "pk": 106}, {"fields": {"slug": "respiratory-diseases", "name": "Respiratory Diseases", "specialization": 16}, "model": "practitioner.condition", "pk": 107}, {"fields": {"slug": "respiratory-failure", "name": "Respiratory Failure", "specialization": 16}, "model": "practitioner.condition", "pk": 108}, {"fields": {"slug": "sarcoidosis", "name": "Sarcoidosis", "specialization": 16}, "model": "practitioner.condition", "pk": 109}, {"fields": {"slug": "sleep-apnea", "name": "Sleep Apnea", "specialization": 16}, "model": "practitioner.condition", "pk": 110}, {"fields": {"slug": "sleep-disorders", "name": "Sleep Disorders", "specialization": 16}, "model": "practitioner.condition", "pk": 111}, {"fields": {"slug": "indigestion", "name": "Indigestion", "specialization": 2}, "model": "practitioner.condition", "pk": 112}, {"fields": {"slug": "gas", "name": "Gas", "specialization": 2}, "model": "practitioner.condition", "pk": 113}, {"fields": {"slug": "heartburn", "name": "Heartburn", "specialization": 2}, "model": "practitioner.condition", "pk": 114}, {"fields": {"slug": "vomiting", "name": "Vomiting", "specialization": 2}, "model": "practitioner.condition", "pk": 115}, {"fields": {"slug": "difficulty-in-swallowing", "name": "Difficulty in swallowing", "specialization": 2}, "model": "practitioner.condition", "pk": 116}, {"fields": {"slug": "blood-in-stool", "name": "Blood in stool", "specialization": 2}, "model": "practitioner.condition", "pk": 117}, {"fields": {"slug": "loss-of-appetite", "name": "Loss of appetite", "specialization": 2}, "model": "practitioner.condition", "pk": 118}, {"fields": {"slug": "weight-loss", "name": "Weight loss", "specialization": 2}, "model": "practitioner.condition", "pk": 119}, {"fields": {"slug": "mouth-ulcers", "name": "Mouth ulcers", "specialization": 2}, "model": "practitioner.condition", "pk": 120}, {"fields": {"slug": "jaundice", "name": "Jaundice", "specialization": 2}, "model": "practitioner.condition", "pk": 121}, {"fields": {"slug": "peptic-ulcer", "name": "Peptic ulcer", "specialization": 2}, "model": "practitioner.condition", "pk": 122}, {"fields": {"slug": "gastroenteritis", "name": "Gastroenteritis", "specialization": 2}, "model": "practitioner.condition", "pk": 124}, {"fields": {"slug": "colitis", "name": "Colitis", "specialization": 2}, "model": "practitioner.condition", "pk": 125}, {"fields": {"slug": "piles", "name": "Piles", "specialization": 2}, "model": "practitioner.condition", "pk": 126}, {"fields": {"slug": "gallstones", "name": "Gallstones", "specialization": 2}, "model": "practitioner.condition", "pk": 128}, {"fields": {"slug": "pancreatitis", "name": "Pancreatitis", "specialization": 2}, "model": "practitioner.condition", "pk": 129}, {"fields": {"slug": "liver-cancer", "name": "Liver cancer", "specialization": 2}, "model": "practitioner.condition", "pk": 130}, {"fields": {"slug": "stomach-cancer", "name": "Stomach cancer", "specialization": 2}, "model": "practitioner.condition", "pk": 131}, {"fields": {"slug": "colon-cancer", "name": "Colon cancer", "specialization": 2}, "model": "practitioner.condition", "pk": 133}, {"fields": {"slug": "pancreatic-cancer", "name": "Pancreatic cancer", "specialization": 2}, "model": "practitioner.condition", "pk": 134}, {"fields": {"slug": "hepatitis-b-c", "name": "Hepatitis B & C", "specialization": 2}, "model": "practitioner.condition", "pk": 135}, {"fields": {"slug": "vaccination", "name": "Vaccination", "specialization": 1}, "model": "practitioner.procedure", "pk": 1}, {"fields": {"slug": "infant-care", "name": "Infant Care", "specialization": 1}, "model": "practitioner.procedure", "pk": 2}, {"fields": {"slug": "allergy-treatment", "name": "Allergy Treatment", "specialization": 1}, "model": "practitioner.procedure", "pk": 3}, {"fields": {"slug": "capsule-endoscopy", "name": "Capsule Endoscopy", "specialization": 2}, "model": "practitioner.procedure", "pk": 4}, {"fields": {"slug": "colon-cancer-screening", "name": "Colon Cancer Screening", "specialization": 2}, "model": "practitioner.procedure", "pk": 5}, {"fields": {"slug": "colonoscopy-proctosigmoidoscopy-and-sigmoidoscopy", "name": "Colonoscopy, Proctosigmoidoscopy, and Sigmoidoscopy", "specialization": 2}, "model": "practitioner.procedure", "pk": 6}, {"fields": {"slug": "endoscopic-polypectomy", "name": "Endoscopic Polypectomy", "specialization": 2}, "model": "practitioner.procedure", "pk": 7}, {"fields": {"slug": "endoscopic-ultrasound", "name": "Endoscopic Ultrasound", "specialization": 2}, "model": "practitioner.procedure", "pk": 8}, {"fields": {"slug": "endoscopy", "name": "Endoscopy", "specialization": 2}, "model": "practitioner.procedure", "pk": 9}, {"fields": {"slug": "endoscopy-esophagus-stomach-small-intestine", "name": "Endoscopy (Esophagus, Stomach, Small Intestine)", "specialization": 2}, "model": "practitioner.procedure", "pk": 10}, {"fields": {"slug": "ercp-endoscopic-retrograde-cholangiopancreatograph", "name": "ERCP (Endoscopic Retrograde Cholangiopancreatography)", "specialization": 2}, "model": "practitioner.procedure", "pk": 11}, {"fields": {"slug": "esophageal-ph-monitoring", "name": "Esophageal pH Monitoring", "specialization": 2}, "model": "practitioner.procedure", "pk": 12}, {"fields": {"slug": "hemorrhoid-banding", "name": "Hemorrhoid Banding", "specialization": 2}, "model": "practitioner.procedure", "pk": 13}, {"fields": {"slug": "hemorrhoidectomy-or-excision-of-anal-tags", "name": "Hemorrhoidectomy or Excision of Anal Tags", "specialization": 2}, "model": "practitioner.procedure", "pk": 14}, {"fields": {"slug": "liver-biopsy", "name": "Liver Biopsy", "specialization": 2}, "model": "practitioner.procedure", "pk": 15}, {"fields": {"slug": "manometry", "name": "Manometry", "specialization": 2}, "model": "practitioner.procedure", "pk": 16}, {"fields": {"slug": "ablation-for-treatment-of-cardiac-arrhythmias", "name": "Ablation for Treatment of Cardiac Arrhythmias", "specialization": 14}, "model": "practitioner.procedure", "pk": 17}, {"fields": {"slug": "angiogram", "name": "Angiogram", "specialization": 14}, "model": "practitioner.procedure", "pk": 18}, {"fields": {"slug": "angioplasty", "name": "Angioplasty", "specialization": 14}, "model": "practitioner.procedure", "pk": 19}, {"fields": {"slug": "automatic-implantable-cardioverter-defibrillator-i", "name": "Automatic Implantable Cardioverter Defibrillator (ICD) Implantation", "specialization": 14}, "model": "practitioner.procedure", "pk": 20}, {"fields": {"slug": "cardiac-catheterization", "name": "Cardiac Catheterization", "specialization": 14}, "model": "practitioner.procedure", "pk": 21}, {"fields": {"slug": "cardiac-catheterization-incl-coronary-angiography", "name": "Cardiac Catheterization (incl. Coronary Angiography)", "specialization": 14}, "model": "practitioner.procedure", "pk": 22}, {"fields": {"slug": "cardiac-imaging", "name": "Cardiac Imaging", "specialization": 14}, "model": "practitioner.procedure", "pk": 23}, {"fields": {"slug": "cardiac-mri-magnetic-resonance-imaging-of-heart-or", "name": "Cardiac MRI (Magnetic Resonance Imaging) of Heart or Chest", "specialization": 14}, "model": "practitioner.procedure", "pk": 24}, {"fields": {"slug": "cardiac-myocardial-perfusion-imaging", "name": "Cardiac Myocardial Perfusion Imaging", "specialization": 14}, "model": "practitioner.procedure", "pk": 25}, {"fields": {"slug": "cardiac-procedure", "name": "Cardiac Procedure", "specialization": 14}, "model": "practitioner.procedure", "pk": 26}, {"fields": {"slug": "cardioversion", "name": "Cardioversion", "specialization": 14}, "model": "practitioner.procedure", "pk": 27}, {"fields": {"slug": "cardioversion-elective", "name": "Cardioversion, Elective", "specialization": 14}, "model": "practitioner.procedure", "pk": 28}, {"fields": {"slug": "cardioverter-defibrillator-or-pacemaker-insertion-", "name": "Cardioverter-Defibrillator or Pacemaker Insertion, Removal or Repair", "specialization": 14}, "model": "practitioner.procedure", "pk": 29}, {"fields": {"slug": "carotid-angioplasty-and-stenting", "name": "Carotid Angioplasty And Stenting", "specialization": 14}, "model": "practitioner.procedure", "pk": 30}, {"fields": {"slug": "chest-ct-incl-heart-and-lungs", "name": "Chest CT (incl. Heart and Lungs)", "specialization": 14}, "model": "practitioner.procedure", "pk": 31}, {"fields": {"slug": "chest-pain", "name": "Chest Pain", "specialization": 14}, "model": "practitioner.procedure", "pk": 32}, {"fields": {"slug": "coronary-angioplasty-atherectomy-and-stent", "name": "Coronary Angioplasty, Atherectomy and Stent", "specialization": 14}, "model": "practitioner.procedure", "pk": 33}, {"fields": {"slug": "ekg-electrocardiogram-ecg", "name": "EKG (Electrocardiogram, ECG)", "specialization": 14}, "model": "practitioner.procedure", "pk": 34}, {"fields": {"slug": "electrophysiological-study", "name": "Electrophysiological Study", "specialization": 6}, "model": "practitioner.procedure", "pk": 35}, {"fields": {"slug": "impella-device", "name": "Impella Device", "specialization": 14}, "model": "practitioner.procedure", "pk": 36}, {"fields": {"slug": "implantable-cardioverter-defibrillators-icds", "name": "Implantable Cardioverter-Defibrillators (Icds)", "specialization": 14}, "model": "practitioner.procedure", "pk": 37}, {"fields": {"slug": "insertion-of-epicardial-lead-for-pacemaker-or-card", "name": "Insertion of Epicardial Lead for Pacemaker or Cardioverter and-or Defibrillator", "specialization": 14}, "model": "practitioner.procedure", "pk": 38}, {"fields": {"slug": "interventional-cardiology", "name": "Interventional Cardiology", "specialization": 14}, "model": "practitioner.procedure", "pk": 39}, {"fields": {"slug": "pacemaker", "name": "Pacemaker", "specialization": 14}, "model": "practitioner.procedure", "pk": 40}, {"fields": {"slug": "pacemaker-insertion-or-replacement", "name": "Pacemaker Insertion or Replacement", "specialization": 14}, "model": "practitioner.procedure", "pk": 41}, {"fields": {"slug": "peripheral-artery-catheterization", "name": "Peripheral Artery Catheterization", "specialization": 14}, "model": "practitioner.procedure", "pk": 42}, {"fields": {"slug": "radiofrequency-ablation", "name": "Radiofrequency Ablation", "specialization": 14}, "model": "practitioner.procedure", "pk": 43}, {"fields": {"slug": "removal-or-revision-of-pacemaker-or-cardioverter-a", "name": "Removal or Revision of Pacemaker or Cardioverter and-or Defibrillator", "specialization": 14}, "model": "practitioner.procedure", "pk": 44}, {"fields": {"slug": "thoracentesis", "name": "Thoracentesis", "specialization": 14}, "model": "practitioner.procedure", "pk": 45}, {"fields": {"slug": "tilt-testing-or-cardiac-event-monitors", "name": "Tilt Testing or Cardiac Event Monitors", "specialization": 14}, "model": "practitioner.procedure", "pk": 46}, {"fields": {"slug": "transthoracic-echocardiography-tte", "name": "Transthoracic Echocardiography (TTE)", "specialization": 14}, "model": "practitioner.procedure", "pk": 47}, {"fields": {"slug": "abscess-incision-and-drainage", "name": "Abscess Incision and Drainage", "specialization": 1}, "model": "practitioner.procedure", "pk": 48}, {"fields": {"slug": "allergy-shots", "name": "Allergy Shots", "specialization": 1}, "model": "practitioner.procedure", "pk": 49}, {"fields": {"slug": "allergy-shots-for-insect-stings", "name": "Allergy Shots for Insect Stings", "specialization": 1}, "model": "practitioner.procedure", "pk": 50}, {"fields": {"slug": "allergy-skin-testing", "name": "Allergy Skin Testing", "specialization": 1}, "model": "practitioner.procedure", "pk": 51}, {"fields": {"slug": "allergy-testing", "name": "Allergy Testing", "specialization": 1}, "model": "practitioner.procedure", "pk": 52}, {"fields": {"slug": "immunization", "name": "Immunization", "specialization": 1}, "model": "practitioner.procedure", "pk": 53}, {"fields": {"slug": "nebulizer-treatment", "name": "Nebulizer Treatment", "specialization": 1}, "model": "practitioner.procedure", "pk": 55}, {"fields": {"slug": "newborn-care", "name": "Newborn Care", "specialization": 1}, "model": "practitioner.procedure", "pk": 56}, {"fields": {"slug": "physical-examination", "name": "Physical Examination", "specialization": 1}, "model": "practitioner.procedure", "pk": 57}, {"fields": {"slug": "sports-physical-examination", "name": "Sports Physical Examination", "specialization": 1}, "model": "practitioner.procedure", "pk": 58}, {"fields": {"slug": "wart-removal", "name": "Wart Removal", "specialization": 1}, "model": "practitioner.procedure", "pk": 60}, {"fields": {"slug": "well-baby-care", "name": "Well Baby Care", "specialization": 1}, "model": "practitioner.procedure", "pk": 61}, {"fields": {"slug": "well-child-examination", "name": "Well Child Examination", "specialization": 1}, "model": "practitioner.procedure", "pk": 62}, {"fields": {"slug": "arterial-line-insertion", "name": "Arterial Line Insertion", "specialization": 16}, "model": "practitioner.procedure", "pk": 63}, {"fields": {"slug": "bronchial-asthma", "name": "Bronchial Asthma", "specialization": 16}, "model": "practitioner.procedure", "pk": 64}, {"fields": {"slug": "bronchitis", "name": "Bronchitis", "specialization": 16}, "model": "practitioner.procedure", "pk": 65}, {"fields": {"slug": "bronchoscopy", "name": "Bronchoscopy", "specialization": 16}, "model": "practitioner.procedure", "pk": 66}, {"fields": {"slug": "chest-diseases", "name": "Chest Diseases", "specialization": 16}, "model": "practitioner.procedure", "pk": 67}, {"fields": {"slug": "chest-tube-insertion", "name": "Chest Tube Insertion", "specialization": 16}, "model": "practitioner.procedure", "pk": 68}, {"fields": {"slug": "continuous-positive-airway-pressure-cpap", "name": "Continuous Positive Airway Pressure (CPAP)", "specialization": 16}, "model": "practitioner.procedure", "pk": 69}, {"fields": {"slug": "copd", "name": "COPD", "specialization": 16}, "model": "practitioner.procedure", "pk": 70}, {"fields": {"slug": "eosinophilia", "name": "Eosinophilia", "specialization": 16}, "model": "practitioner.procedure", "pk": 71}, {"fields": {"slug": "lung-abscess", "name": "Lung Abscess", "specialization": 16}, "model": "practitioner.procedure", "pk": 72}, {"fields": {"slug": "lung-infections", "name": "Lung Infections", "specialization": 16}, "model": "practitioner.procedure", "pk": 73}, {"fields": {"slug": "obesity-related-lung-diseases", "name": "Obesity Related Lung Diseases", "specialization": 16}, "model": "practitioner.procedure", "pk": 74}, {"fields": {"slug": "pleural-effusion", "name": "Pleural Effusion", "specialization": 16}, "model": "practitioner.procedure", "pk": 75}, {"fields": {"slug": "pneumonia", "name": "Pneumonia", "specialization": 16}, "model": "practitioner.procedure", "pk": 76}, {"fields": {"slug": "pulmonary-function-tests", "name": "Pulmonary Function Tests", "specialization": 16}, "model": "practitioner.procedure", "pk": 77}, {"fields": {"slug": "smoking-cessation", "name": "Smoking Cessation", "specialization": 16}, "model": "practitioner.procedure", "pk": 78}, {"fields": {"slug": "spirometry", "name": "Spirometry", "specialization": 16}, "model": "practitioner.procedure", "pk": 79}, {"fields": {"slug": "tuberculosis", "name": "Tuberculosis", "specialization": 16}, "model": "practitioner.procedure", "pk": 80}, {"fields": {"slug": "ventilation-management", "name": "Ventilation Management", "specialization": 16}, "model": "practitioner.procedure", "pk": 81}, {"fields": {"description": "This is the primary qualitfication required for a doctor.", "points": 5, "name": "MBBS", "color_code": "#FFB80B"}, "model": "practitioner.degree", "pk": 1}, {"fields": {"description": "This is the primary qualitfication required for a doctor.", "points": 5, "name": "MD", "color_code": "#FFB80B"}, "model": "practitioner.degree", "pk": 2}, {"fields": {"description": "This doctor has specialized in his field from the U.K/Europe", "points": 5, "name": "FRC (Fellow of Royal College)", "color_code": "#FFB708"}, "model": "practitioner.degree", "pk": 4}, {"fields": {"description": "This doctor has specialized in his field from the U.K/Europe", "points": 5, "name": "MRC (Member of Royal College)", "color_code": "#FFB708"}, "model": "practitioner.degree", "pk": 6}, {"fields": {"description": "Pakistan", "points": 5, "name": "FCPS", "color_code": "#008585"}, "model": "practitioner.degree", "pk": 7}, {"fields": {"description": "Pakistan", "points": 5, "name": "MCPS", "color_code": "#008585"}, "model": "practitioner.degree", "pk": 8}, {"fields": {"description": "This doctor has completed his/her specialization in the U.S", "points": 10, "name": "DAB (Diplomate American Board)", "color_code": "#5ACF66"}, "model": "practitioner.degree", "pk": 9}, {"fields": {"description": "This doctor has specialized in his field from the U.K/Europe", "points": 5, "name": "FRC (Fellow of Royal College)", "color_code": "A"}, "model": "practitioner.degree", "pk": 10}, {"fields": {"description": "This doctor has specialized in his field from the U.K/Europe", "points": 0, "name": "MRC (Member of Royal College)", "color_code": "B"}, "model": "practitioner.degree", "pk": 11}, {"fields": {"achievements": "Dr. Mudassir S. Sheikh, a totally American trained and American qualified \r\nphysician with over 23 years of experience in USA and US-accredited hospital in Saudia Arabia.", "status": false, "fellowship": [], "review_rating": "0.00", "photo": "", "specialty": 2, "experience": 20, "procedures": [7, 8, 9, 10], "physician_type": "2", "education_marks": 0, "not_recommended": 0, "recommendation": 0, "degrees": [9, 2], "message": "available", "conditions": [4, 117, 10, 125, 133, 116, 22, 128, 113, 29, 114, 135, 112, 121, 130, 118, 120, 134, 129, 122, 126, 131, 115, 119], "slug": "dr-mudassir-s-sheikh"}, "model": "practitioner.practitioner", "pk": 3}, {"fields": {"name": "Lahore", "slug": "lahore"}, "model": "practice.city", "pk": 1}, {"fields": {"city": 1, "name": "Air Avenue", "slug": "air-avenue-lahore"}, "model": "practice.area", "pk": 1}, {"fields": {"city": 1, "name": "Allama Iqbal Town", "slug": "allama-iqbal-town-lahore"}, "model": "practice.area", "pk": 2}, {"fields": {"city": 1, "name": "DHA, Phase 1", "slug": "dha-phase-1-lahore"}, "model": "practice.area", "pk": 3}, {"fields": {"city": 1, "name": "Walton Road", "slug": "walton-road-lahore"}, "model": "practice.area", "pk": 6}, {"fields": {"city": 1, "name": "Faisal Town", "slug": "faisal-town-lahore"}, "model": "practice.area", "pk": 8}, {"fields": {"city": 1, "name": "Model Town Block C", "slug": "model-town-block-c-lahore"}, "model": "practice.area", "pk": 9}, {"fields": {"city": 1, "name": "Askari 08", "slug": "askari-08-lahore"}, "model": "practice.area", "pk": 12}, {"fields": {"city": 1, "name": "Askari 10", "slug": "askari-10-lahore"}, "model": "practice.area", "pk": 13}, {"fields": {"city": 1, "name": "Askari 11", "slug": "askari-11-lahore"}, "model": "practice.area", "pk": 14}, {"fields": {"city": 1, "name": "Azmir Town", "slug": "azmir-town-lahore"}, "model": "practice.area", "pk": 15}, {"fields": {"city": 1, "name": "Badian Road", "slug": "badian-road-lahore"}, "model": "practice.area", "pk": 16}, {"fields": {"city": 1, "name": "Bahria Town", "slug": "bahria-town-lahore"}, "model": "practice.area", "pk": 17}, {"fields": {"city": 1, "name": "Barki Road", "slug": "barki-road-lahore"}, "model": "practice.area", "pk": 18}, {"fields": {"city": 1, "name": "Canal Bank Society", "slug": "canal-bank-society-lahore"}, "model": "practice.area", "pk": 19}, {"fields": {"city": 1, "name": "Canal City", "slug": "canal-city-lahore"}, "model": "practice.area", "pk": 20}, {"fields": {"city": 1, "name": "Cantt", "slug": "cantt-lahore"}, "model": "practice.area", "pk": 21}, {"fields": {"city": 1, "name": "Cavalry Ground", "slug": "cavalry-ground-lahore"}, "model": "practice.area", "pk": 22}, {"fields": {"city": 1, "name": "DHA, Eden City", "slug": "dha-eden-city-lahore"}, "model": "practice.area", "pk": 23}, {"fields": {"city": 1, "name": "DHA, LUMS", "slug": "dha-lums-lahore"}, "model": "practice.area", "pk": 24}, {"fields": {"city": 1, "name": "DHA, Phase 2", "slug": "dha-phase-2-lahore"}, "model": "practice.area", "pk": 25}, {"fields": {"city": 1, "name": "DHA, Phase 3", "slug": "dha-phase-3-lahore"}, "model": "practice.area", "pk": 26}, {"fields": {"city": 1, "name": "DHA, Phase 4", "slug": "dha-phase-4-lahore"}, "model": "practice.area", "pk": 27}, {"fields": {"city": 1, "name": "DHA, Phase 5", "slug": "dha-phase-5-lahore"}, "model": "practice.area", "pk": 28}, {"fields": {"city": 1, "name": "DHA, Phase 6", "slug": "dha-phase-6-lahore"}, "model": "practice.area", "pk": 29}, {"fields": {"city": 1, "name": "DHA, Phase 7", "slug": "dha-phase-7-lahore"}, "model": "practice.area", "pk": 31}, {"fields": {"city": 1, "name": "DHA, Phase 8", "slug": "dha-phase-8-lahore"}, "model": "practice.area", "pk": 32}, {"fields": {"city": 1, "name": "DHA, Punjab Society", "slug": "dha-punjab-society-lahore"}, "model": "practice.area", "pk": 33}, {"fields": {"city": 1, "name": "DHA, Rehman Garden", "slug": "dha-rehman-garden-lahore"}, "model": "practice.area", "pk": 34}, {"fields": {"city": 1, "name": "Doctors Society", "slug": "doctors-society-lahore"}, "model": "practice.area", "pk": 35}, {"fields": {"city": 1, "name": "Eden Avenue", "slug": "eden-avenue-lahore"}, "model": "practice.area", "pk": 36}, {"fields": {"city": 1, "name": "Eden Villas", "slug": "eden-villas-lahore"}, "model": "practice.area", "pk": 37}, {"fields": {"city": 1, "name": "EME", "slug": "eme-lahore"}, "model": "practice.area", "pk": 38}, {"fields": {"city": 1, "name": "Garden Town", "slug": "garden-town-lahore"}, "model": "practice.area", "pk": 40}, {"fields": {"city": 1, "name": "Garhi Shahu", "slug": "garhi-shahu-lahore"}, "model": "practice.area", "pk": 41}, {"fields": {"city": 1, "name": "Ghazi Road", "slug": "ghazi-road-lahore"}, "model": "practice.area", "pk": 42}, {"fields": {"city": 1, "name": "Green Fort", "slug": "green-fort-lahore"}, "model": "practice.area", "pk": 43}, {"fields": {"city": 1, "name": "Gulberg I", "slug": "gulberg-i-lahore"}, "model": "practice.area", "pk": 44}, {"fields": {"city": 1, "name": "Gulberg II", "slug": "gulberg-ii-lahore"}, "model": "practice.area", "pk": 45}, {"fields": {"city": 1, "name": "Gulberg III", "slug": "gulberg-iii-lahore"}, "model": "practice.area", "pk": 46}, {"fields": {"city": 1, "name": "Gulberg IV", "slug": "gulberg-iv-lahore"}, "model": "practice.area", "pk": 47}, {"fields": {"city": 1, "name": "Gulberg V", "slug": "gulberg-v-lahore"}, "model": "practice.area", "pk": 48}, {"fields": {"city": 1, "name": "Guldasht Town", "slug": "guldasht-town-lahore"}, "model": "practice.area", "pk": 49}, {"fields": {"city": 1, "name": "Gulshan-e-Ahbab", "slug": "gulshan-e-ahbab-lahore"}, "model": "practice.area", "pk": 50}, {"fields": {"city": 1, "name": "Gulshan-e-Ravi", "slug": "gulshan-e-ravi-lahore"}, "model": "practice.area", "pk": 51}, {"fields": {"city": 1, "name": "Iqbal Town", "slug": "iqbal-town-lahore"}, "model": "practice.area", "pk": 52}, {"fields": {"city": 1, "name": "Islampura", "slug": "islampura-lahore"}, "model": "practice.area", "pk": 53}, {"fields": {"city": 1, "name": "Jail Road", "slug": "jail-road-lahore"}, "model": "practice.area", "pk": 54}, {"fields": {"city": 1, "name": "Johar Town Block A", "slug": "johar-town-block-a-lahore"}, "model": "practice.area", "pk": 55}, {"fields": {"city": 1, "name": "Johar Town Block B", "slug": "johar-town-block-b-lahore"}, "model": "practice.area", "pk": 56}, {"fields": {"city": 1, "name": "Johar Town Block C", "slug": "johar-town-block-c-lahore"}, "model": "practice.area", "pk": 57}, {"fields": {"city": 1, "name": "Johar Town Block D", "slug": "johar-town-block-d-lahore"}, "model": "practice.area", "pk": 58}, {"fields": {"city": 1, "name": "Johar Town Block E", "slug": "johar-town-block-e-lahore"}, "model": "practice.area", "pk": 59}, {"fields": {"city": 1, "name": "Johar Town Block F", "slug": "johar-town-block-f-lahore"}, "model": "practice.area", "pk": 60}, {"fields": {"city": 1, "name": "Johar Town Block G1", "slug": "johar-town-block-g1-lahore"}, "model": "practice.area", "pk": 61}, {"fields": {"city": 1, "name": "Johar Town Block H", "slug": "johar-town-block-h-lahore"}, "model": "practice.area", "pk": 62}, {"fields": {"city": 1, "name": "Johar Town Block J", "slug": "johar-town-block-j-lahore"}, "model": "practice.area", "pk": 63}, {"fields": {"city": 1, "name": "Johar Town Block R", "slug": "johar-town-block-r-lahore"}, "model": "practice.area", "pk": 64}, {"fields": {"city": 1, "name": "Johar Town, Alpha Society", "slug": "johar-town-alpha-society-lahore"}, "model": "practice.area", "pk": 65}, {"fields": {"city": 1, "name": "Johar Town, BOR Society", "slug": "johar-town-bor-society-lahore"}, "model": "practice.area", "pk": 66}, {"fields": {"city": 1, "name": "Johar Town, Revenue Society", "slug": "johar-town-revenue-society-lahore"}, "model": "practice.area", "pk": 67}, {"fields": {"city": 1, "name": "Johar Town, UMT", "slug": "johar-town-umt-lahore"}, "model": "practice.area", "pk": 68}, {"fields": {"city": 1, "name": "Johar Town, Wafaqi Colony", "slug": "johar-town-wafaqi-colony-lahore"}, "model": "practice.area", "pk": 69}, {"fields": {"city": 1, "name": "Jubilee Town", "slug": "jubilee-town-lahore"}, "model": "practice.area", "pk": 70}, {"fields": {"city": 1, "name": "Judical Phase 3", "slug": "judical-phase-3-lahore"}, "model": "practice.area", "pk": 71}, {"fields": {"city": 1, "name": "Krishan Nagar", "slug": "krishan-nagar-lahore"}, "model": "practice.area", "pk": 72}, {"fields": {"city": 1, "name": "Lahore Railway", "slug": "lahore-railway-lahore"}, "model": "practice.area", "pk": 73}, {"fields": {"city": 1, "name": "Lahore University Road", "slug": "lahore-university-road-lahore"}, "model": "practice.area", "pk": 74}, {"fields": {"city": 1, "name": "Lawrence Road", "slug": "lawrence-road-lahore"}, "model": "practice.area", "pk": 75}, {"fields": {"city": 1, "name": "Liberty Market", "slug": "liberty-market-lahore"}, "model": "practice.area", "pk": 76}, {"fields": {"city": 1, "name": "Mazang", "slug": "mazang-lahore"}, "model": "practice.area", "pk": 77}, {"fields": {"city": 1, "name": "Model Town Block A", "slug": "model-town-block-a-lahore"}, "model": "practice.area", "pk": 78}, {"fields": {"city": 1, "name": "Model Town Block B", "slug": "model-town-block-b-lahore"}, "model": "practice.area", "pk": 79}, {"fields": {"city": 1, "name": "Model Town Block D", "slug": "model-town-block-d-lahore"}, "model": "practice.area", "pk": 80}, {"fields": {"city": 1, "name": "Model Town Block E", "slug": "model-town-block-e-lahore"}, "model": "practice.area", "pk": 81}, {"fields": {"city": 1, "name": "Model Town Block F", "slug": "model-town-block-f-lahore"}, "model": "practice.area", "pk": 82}, {"fields": {"city": 1, "name": "Model Town Block J", "slug": "model-town-block-j-lahore"}, "model": "practice.area", "pk": 83}, {"fields": {"city": 1, "name": "Model Town Block K", "slug": "model-town-block-k-lahore"}, "model": "practice.area", "pk": 84}, {"fields": {"city": 1, "name": "Mughal Pura", "slug": "mughal-pura-lahore"}, "model": "practice.area", "pk": 85}, {"fields": {"city": 1, "name": "Muhafiz Town", "slug": "muhafiz-town-lahore"}, "model": "practice.area", "pk": 86}, {"fields": {"city": 1, "name": "Muslim town", "slug": "muslim-town-lahore"}, "model": "practice.area", "pk": 87}, {"fields": {"city": 1, "name": "PASCO", "slug": "pasco-lahore"}, "model": "practice.area", "pk": 88}, {"fields": {"city": 1, "name": "PCSIR", "slug": "pcsir-lahore"}, "model": "practice.area", "pk": 89}, {"fields": {"city": 1, "name": "Peragon City", "slug": "peragon-city-lahore"}, "model": "practice.area", "pk": 90}, {"fields": {"city": 1, "name": "PIA society", "slug": "pia-society-lahore"}, "model": "practice.area", "pk": 91}, {"fields": {"city": 1, "name": "Queens Road", "slug": "queens-road-lahore"}, "model": "practice.area", "pk": 92}, {"fields": {"city": 1, "name": "Rajput Town", "slug": "rajput-town-lahore"}, "model": "practice.area", "pk": 93}, {"fields": {"city": 1, "name": "Saddar", "slug": "saddar-lahore"}, "model": "practice.area", "pk": 94}, {"fields": {"city": 1, "name": "Samanabad", "slug": "samanabad-lahore"}, "model": "practice.area", "pk": 95}, {"fields": {"city": 1, "name": "Scheme 1", "slug": "scheme-1-lahore"}, "model": "practice.area", "pk": 96}, {"fields": {"city": 1, "name": "Shadbagh", "slug": "shadbagh-lahore"}, "model": "practice.area", "pk": 97}, {"fields": {"city": 1, "name": "Shadman", "slug": "shadman-lahore"}, "model": "practice.area", "pk": 98}, {"fields": {"city": 1, "name": "Shah Jamal", "slug": "shah-jamal-lahore"}, "model": "practice.area", "pk": 99}, {"fields": {"city": 1, "name": "Tech Society", "slug": "tech-society-lahore"}, "model": "practice.area", "pk": 100}, {"fields": {"city": 1, "name": "Thokar Niaz Baig", "slug": "thokar-niaz-baig-lahore"}, "model": "practice.area", "pk": 101}, {"fields": {"city": 1, "name": "Township", "slug": "township-lahore"}, "model": "practice.area", "pk": 102}, {"fields": {"city": 1, "name": "Valencia Town", "slug": "valencia-town-lahore"}, "model": "practice.area", "pk": 103}, {"fields": {"city": 1, "name": "Wahdat Road", "slug": "wahdat-road-lahore"}, "model": "practice.area", "pk": 104}, {"fields": {"city": 1, "name": "Valencia Town", "slug": "valencia-town-lahore-2"}, "model": "practice.area", "pk": 105}, {"fields": {"city": 1, "name": "Wapda Town", "slug": "wapda-town-lahore"}, "model": "practice.area", "pk": 106}, {"fields": {"city": 1, "name": "Nishtar Block, Allama Iqbal Town", "slug": "nishtar-block-allama-iqbal-town-lahore"}, "model": "practice.area", "pk": 107}, {"fields": {"city": 1, "name": "Kamran Block, Allama Iqbal Town", "slug": "kamran-block-allama-iqbal-town-lahore"}, "model": "practice.area", "pk": 108}, {"fields": {"city": 1, "name": "Mehran Block, Allama Iqbal Town", "slug": "mehran-block-allama-iqbal-town-lahore"}, "model": "practice.area", "pk": 109}, {"fields": {"city": 1, "name": "Umer Block, Allama Iqbal Town", "slug": "umer-block-allama-iqbal-town-lahore"}, "model": "practice.area", "pk": 110}, {"fields": {"city": 1, "name": "Hunza Block, Allama Iqbal Town", "slug": "hunza-block-allama-iqbal-town-lahore"}, "model": "practice.area", "pk": 111}, {"fields": {"city": 1, "name": "Asif Block, Allama Iqbal Town", "slug": "asif-block-allama-iqbal-town-lahore"}, "model": "practice.area", "pk": 112}, {"fields": {"city": 1, "name": "Pak Block, Allama Iqbal Town", "slug": "pak-block-allama-iqbal-town-lahore"}, "model": "practice.area", "pk": 113}, {"fields": {"city": 1, "name": "Chenab Block, Allama Iqbal Town", "slug": "chenab-block-allama-iqbal-town-lahore"}, "model": "practice.area", "pk": 114}, {"fields": {"city": 1, "name": "Neelam Block, Allama Iqbal Town", "slug": "neelam-block-allama-iqbal-town-lahore"}, "model": "practice.area", "pk": 115}, {"fields": {"city": 1, "name": "Sutlej Block, Allama Iqbal Town", "slug": "sutlej-block-allama-iqbal-town-lahore"}, "model": "practice.area", "pk": 116}, {"fields": {"city": 1, "name": "Jahanzeb Block, Allama Iqbal Town", "slug": "jahanzeb-block-allama-iqbal-town-lahore"}, "model": "practice.area", "pk": 117}, {"fields": {"city": 1, "name": "Dholanwal", "slug": "dholanwal-lahore"}, "model": "practice.area", "pk": 118}, {"fields": {"city": 1, "name": "Ittehad Colony, Allama Iqbal Town", "slug": "ittehad-colony-allama-iqbal-town-lahore"}, "model": "practice.area", "pk": 119}, {"fields": {"city": 1, "name": "Muslim Block, Allama Iqbal Town", "slug": "muslim-block-allama-iqbal-town-lahore"}, "model": "practice.area", "pk": 120}, {"fields": {"city": 1, "name": "Huma Block, Allama Iqbal Town", "slug": "huma-block-allama-iqbal-town-lahore"}, "model": "practice.area", "pk": 121}, {"fields": {"city": 1, "name": "Zeenat Block, Allama Iqbal Town", "slug": "zeenat-block-allama-iqbal-town-lahore"}, "model": "practice.area", "pk": 122}, {"fields": {"city": 1, "name": "Badar Block, Allama Iqbal Town", "slug": "badar-block-allama-iqbal-town-lahore"}, "model": "practice.area", "pk": 123}, {"fields": {"city": 1, "name": "Nargis Block, Allama Iqbal Town", "slug": "nargis-block-allama-iqbal-town-lahore"}, "model": "practice.area", "pk": 124}, {"fields": {"city": 1, "name": "Ravi Block, Allama Iqbal Town", "slug": "ravi-block-allama-iqbal-town-lahore"}, "model": "practice.area", "pk": 125}, {"fields": {"city": 1, "name": "Jail Road", "slug": "jail-road-lahore-2"}, "model": "practice.area", "pk": 126}, {"fields": {"amount": 2500}, "model": "practice.checkupfee", "pk": 1}, {"fields": {"contact_number": "042111171819", "name": "National Hospital & Medical Center", "area": 3, "photo": "practice/defence-national-hospital.png", "lon": 31.4842, "clinic_address": "132/3, L-Block, Near Sports Stadium D.H.A. Lahore Cantt.", "lat": 74.397324, "slug": "national-hospital-medical-center"}, "model": "practice.practicelocation", "pk": 1}, {"fields": {"contact_number": "03014445445", "name": "Digestive Disease Center", "area": 46, "photo": "practice/ddc.gif", "lon": 31.502684, "clinic_address": "6-C (West) H-Block, Gulberg III.", "lat": 74.343468, "slug": "digestive-disease-center"}, "model": "practice.practicelocation", "pk": 2}, {"fields": {"fee": 1, "practitioner": 3, "practice_location": 2, "practice_type": "P", "modified": "2015-07-11T13:10:40.216Z", "location": "SRID=4326;POINT (31.5026839999999986 74.3434680000000014)", "appointments_only": true}, "model": "practice.practice", "pk": 1}, {"fields": {"fee": 1, "practitioner": 3, "practice_location": 1, "practice_type": "H", "modified": "2015-07-11T13:10:40.346Z", "location": "SRID=4326;POINT (31.4842000000000013 74.3973239999999976)", "appointments_only": true}, "model": "practice.practice", "pk": 2}, {"fields": {"question5": "Timely appointment completion?", "question4": "Does he order unnecessary tests or does not explain the reasons of his tests well enough?", "question1": "He listens to the problems carefully and spends appropriate time with patients.", "question3": "How comfortable you are with the doctor's staff?", "question2": "He treats all patients with equal respect and does not differentiate between the rich and the poor, or between the patients of government hospitals and private practice?"}, "model": "reviews.question", "pk": 1}, {"fields": {"hits": 1, "modified": "2015-07-11T13:10:52.664Z", "content_type": 14, "object_pk": 3}, "model": "hitcount.hitcount", "pk": 1}, {"fields": {"created": "2015-07-11T13:10:52.693Z", "ip": "127.0.0.1", "session": "wwd2qs61bqix185nnea6j4crwwqcnztm", "hitcount": 1, "user": 2, "user_agent": "Mozilla/5.0 (X11; Linux x86_64) AppleWebKit/537.36 (KHTML, like Gecko) Chrome/43.0.2357.132 Safari/537.36"}, "model": "hitcount.hit", "pk": 1}, {"fields": {"name": "Doctors info. Pakistan", "sites": [2], "secret": "EbJKYQKoHeBohHwJ-wMbvd_o", "client_id": "30171066274-hvjmsefqum2bkj2g7ptll7d9kc183j5a.apps.googleusercontent.com", "key": "", "provider": "google"}, "model": "socialaccount.socialapp", "pk": 1}, {"fields": {"name": "Doctors info. Pakistan", "sites": [2], "secret": "83JiAo9LeZi32AVTj0LUOyQk5WQQqe8mRPpZuHRkgd4W7n6IhE", "client_id": "yTbrZnW74m9BH5lT6swuhWDvr", "key": "", "provider": "twitter"}, "model": "socialaccount.socialapp", "pk": 2}, {"fields": {"name": "Doctors info. Pakistan", "sites": [2], "secret": "31f76e30a88e564f0e472083facd75aa", "client_id": "959173024093259", "key": "", "provider": "facebook"}, "model": "socialaccount.socialapp", "pk": 3}, {"fields": {"action_flag": 1, "action_time": "2015-07-11T13:04:58.649Z", "object_repr": "National Hospital & Medical Center", "object_id": "1", "change_message": "", "user": 2, "content_type": 20}, "model": "admin.logentry", "pk": 1}, {"fields": {"action_flag": 1, "action_time": "2015-07-11T13:06:18.193Z", "object_repr": "Digestive Disease Center", "object_id": "2", "change_message": "", "user": 2, "content_type": 20}, "model": "admin.logentry", "pk": 2}, {"fields": {"action_flag": 1, "action_time": "2015-07-11T13:06:41.775Z", "object_repr": "2500", "object_id": "1", "change_message": "", "user": 2, "content_type": 19}, "model": "admin.logentry", "pk": 3}, {"fields": {"action_flag": 1, "action_time": "2015-07-11T13:10:40.347Z", "object_repr": "Dr. Mudassir S. Sheikh", "object_id": "3", "change_message": "", "user": 2, "content_type": 14}, "model": "admin.logentry", "pk": 4}, {"fields": {"action_flag": 1, "action_time": "2015-07-11T13:11:46.449Z", "object_repr": "Indigestion", "object_id": "112", "change_message": "", "user": 2, "content_type": 11}, "model": "admin.logentry", "pk": 5}, {"fields": {"action_flag": 1, "action_time": "2015-07-11T13:12:02.701Z", "object_repr": "Gas", "object_id": "113", "change_message": "", "user": 2, "content_type": 11}, "model": "admin.logentry", "pk": 6}, {"fields": {"action_flag": 1, "action_time": "2015-07-11T13:12:09.971Z", "object_repr": "Heartburn", "object_id": "114", "change_message": "", "user": 2, "content_type": 11}, "model": "admin.logentry", "pk": 7}, {"fields": {"action_flag": 1, "action_time": "2015-07-11T13:12:16.462Z", "object_repr": "Vomiting", "object_id": "115", "change_message": "", "user": 2, "content_type": 11}, "model": "admin.logentry", "pk": 8}, {"fields": {"action_flag": 1, "action_time": "2015-07-11T13:12:45.030Z", "object_repr": "Difficulty in swallowing", "object_id": "116", "change_message": "", "user": 2, "content_type": 11}, "model": "admin.logentry", "pk": 9}, {"fields": {"action_flag": 1, "action_time": "2015-07-11T13:12:58.652Z", "object_repr": "Blood in stool", "object_id": "117", "change_message": "", "user": 2, "content_type": 11}, "model": "admin.logentry", "pk": 10}, {"fields": {"action_flag": 1, "action_time": "2015-07-11T13:13:07.770Z", "object_repr": "Loss of appetite", "object_id": "118", "change_message": "", "user": 2, "content_type": 11}, "model": "admin.logentry", "pk": 11}, {"fields": {"action_flag": 1, "action_time": "2015-07-11T13:13:11.961Z", "object_repr": "Weight loss", "object_id": "119", "change_message": "", "user": 2, "content_type": 11}, "model": "admin.logentry", "pk": 12}, {"fields": {"action_flag": 1, "action_time": "2015-07-11T13:13:22.925Z", "object_repr": "Mouth ulcers", "object_id": "120", "change_message": "", "user": 2, "content_type": 11}, "model": "admin.logentry", "pk": 13}, {"fields": {"action_flag": 1, "action_time": "2015-07-11T13:13:37.220Z", "object_repr": "Jaundice", "object_id": "121", "change_message": "", "user": 2, "content_type": 11}, "model": "admin.logentry", "pk": 14}, {"fields": {"action_flag": 1, "action_time": "2015-07-11T13:13:50.086Z", "object_repr": "Peptic ulcer", "object_id": "122", "change_message": "", "user": 2, "content_type": 11}, "model": "admin.logentry", "pk": 15}, {"fields": {"action_flag": 1, "action_time": "2015-07-11T13:13:57.135Z", "object_repr": "Gastritis", "object_id": "123", "change_message": "", "user": 2, "content_type": 11}, "model": "admin.logentry", "pk": 16}, {"fields": {"action_flag": 1, "action_time": "2015-07-11T13:14:04.205Z", "object_repr": "Gastroenteritis", "object_id": "124", "change_message": "", "user": 2, "content_type": 11}, "model": "admin.logentry", "pk": 17}, {"fields": {"action_flag": 1, "action_time": "2015-07-11T13:14:10.679Z", "object_repr": "Colitis", "object_id": "125", "change_message": "", "user": 2, "content_type": 11}, "model": "admin.logentry", "pk": 18}, {"fields": {"action_flag": 1, "action_time": "2015-07-11T13:14:17.012Z", "object_repr": "Piles", "object_id": "126", "change_message": "", "user": 2, "content_type": 11}, "model": "admin.logentry", "pk": 19}, {"fields": {"action_flag": 1, "action_time": "2015-07-11T13:14:27.762Z", "object_repr": "Cirrhosis", "object_id": "127", "change_message": "", "user": 2, "content_type": 11}, "model": "admin.logentry", "pk": 20}, {"fields": {"action_flag": 1, "action_time": "2015-07-11T13:14:34.998Z", "object_repr": "Gallstones", "object_id": "128", "change_message": "", "user": 2, "content_type": 11}, "model": "admin.logentry", "pk": 21}, {"fields": {"action_flag": 1, "action_time": "2015-07-11T13:14:42.786Z", "object_repr": "Pancreatitis", "object_id": "129", "change_message": "", "user": 2, "content_type": 11}, "model": "admin.logentry", "pk": 22}, {"fields": {"action_flag": 1, "action_time": "2015-07-11T13:14:51.344Z", "object_repr": "Liver cancer", "object_id": "130", "change_message": "", "user": 2, "content_type": 11}, "model": "admin.logentry", "pk": 23}, {"fields": {"action_flag": 1, "action_time": "2015-07-11T13:14:59.743Z", "object_repr": "Stomach cancer", "object_id": "131", "change_message": "", "user": 2, "content_type": 11}, "model": "admin.logentry", "pk": 24}, {"fields": {"action_flag": 1, "action_time": "2015-07-11T13:15:08.822Z", "object_repr": "Esophageal cancer", "object_id": "132", "change_message": "", "user": 2, "content_type": 11}, "model": "admin.logentry", "pk": 25}, {"fields": {"action_flag": 1, "action_time": "2015-07-11T13:15:15.777Z", "object_repr": "Colon cancer", "object_id": "133", "change_message": "", "user": 2, "content_type": 11}, "model": "admin.logentry", "pk": 26}, {"fields": {"action_flag": 1, "action_time": "2015-07-11T13:15:23.017Z", "object_repr": "Pancreatic cancer", "object_id": "134", "change_message": "", "user": 2, "content_type": 11}, "model": "admin.logentry", "pk": 27}, {"fields": {"action_flag": 1, "action_time": "2015-07-11T13:15:41.035Z", "object_repr": "Hepatitis B & C", "object_id": "135", "change_message": "", "user": 2, "content_type": 11}, "model": "admin.logentry", "pk": 28}, {"fields": {"action_flag": 3, "action_time": "2015-07-11T13:16:19.353Z", "object_repr": "Cirrhosis", "object_id": "127", "change_message": "", "user": 2, "content_type": 11}, "model": "admin.logentry", "pk": 29}, {"fields": {"action_flag": 3, "action_time": "2015-07-11T13:16:19.387Z", "object_repr": "Esophageal cancer", "object_id": "132", "change_message": "", "user": 2, "content_type": 11}, "model": "admin.logentry", "pk": 30}, {"fields": {"action_flag": 3, "action_time": "2015-07-11T13:16:19.396Z", "object_repr": "Gastritis", "object_id": "123", "change_message": "", "user": 2, "content_type": 11}, "model": "admin.logentry", "pk": 31}, {"fields": {"action_flag": 3, "action_time": "2015-07-11T13:18:23.000Z", "object_repr": "asad.naeem@mezino.coo.com", "object_id": "1", "change_message": "", "user": 2, "content_type": 7}, "model": "admin.logentry", "pk": 32}, {"fields": {"action_flag": 2, "action_time": "2015-07-11T13:28:35.363Z", "object_repr": "Dr. Mudassir S. Sheikh", "object_id": "3", "change_message": "Changed conditions.", "user": 2, "content_type": 14}, "model": "admin.logentry", "pk": 33}, {"fields": {"action_flag": 1, "action_time": "2015-07-11T13:34:07.743Z", "object_repr": "Question object", "object_id": "1", "change_message": "", "user": 2, "content_type": 27}, "model": "admin.logentry", "pk": 34}, {"fields": {"action_flag": 2, "action_time": "2015-07-11T13:35:20.635Z", "object_repr": "localhost:8000", "object_id": "2", "change_message": "Changed domain and name.", "user": 2, "content_type": 3}, "model": "admin.logentry", "pk": 35}, {"fields": {"action_flag": 1, "action_time": "2015-07-11T13:36:29.146Z", "object_repr": "Doctors info. Pakistan", "object_id": "1", "change_message": "", "user": 2, "content_type": 34}, "model": "admin.logentry", "pk": 36}, {"fields": {"action_flag": 1, "action_time": "2015-07-11T13:36:52.321Z", "object_repr": "Doctors info. Pakistan", "object_id": "2", "change_message": "", "user": 2, "content_type": 34}, "model": "admin.logentry", "pk": 37}, {"fields": {"action_flag": 1, "action_time": "2015-07-11T13:38:50.599Z", "object_repr": "Doctors info. Pakistan", "object_id": "3", "change_message": "", "user": 2, "content_type": 34}, "model": "admin.logentry", "pk": 38}, {"fields": {"codename": "add_permission", "name": "Can add permission", "content_type": 1}, "model": "auth.permission", "pk": 1}, {"fields": {"codename": "change_permission", "name": "Can change permission", "content_type": 1}, "model": "auth.permission", "pk": 2}, {"fields": {"codename": "delete_permission", "name": "Can delete permission", "content_type": 1}, "model": "auth.permission", "pk": 3}, {"fields": {"codename": "add_group", "name": "Can add group", "content_type": 2}, "model": "auth.permission", "pk": 4}, {"fields": {"codename": "change_group", "name": "Can change group", "content_type": 2}, "model": "auth.permission", "pk": 5}, {"fields": {"codename": "delete_group", "name": "Can delete group", "content_type": 2}, "model": "auth.permission", "pk": 6}, {"fields": {"codename": "add_site", "name": "Can add site", "content_type": 3}, "model": "auth.permission", "pk": 7}, {"fields": {"codename": "change_site", "name": "Can change site", "content_type": 3}, "model": "auth.permission", "pk": 8}, {"fields": {"codename": "delete_site", "name": "Can delete site", "content_type": 3}, "model": "auth.permission", "pk": 9}, {"fields": {"codename": "add_logentry", "name": "Can add log entry", "content_type": 4}, "model": "auth.permission", "pk": 10}, {"fields": {"codename": "change_logentry", "name": "Can change log entry", "content_type": 4}, "model": "auth.permission", "pk": 11}, {"fields": {"codename": "delete_logentry", "name": "Can delete log entry", "content_type": 4}, "model": "auth.permission", "pk": 12}, {"fields": {"codename": "add_session", "name": "Can add session", "content_type": 5}, "model": "auth.permission", "pk": 13}, {"fields": {"codename": "change_session", "name": "Can change session", "content_type": 5}, "model": "auth.permission", "pk": 14}, {"fields": {"codename": "delete_session", "name": "Can delete session", "content_type": 5}, "model": "auth.permission", "pk": 15}, {"fields": {"codename": "add_contenttype", "name": "Can add content type", "content_type": 6}, "model": "auth.permission", "pk": 16}, {"fields": {"codename": "change_contenttype", "name": "Can change content type", "content_type": 6}, "model": "auth.permission", "pk": 17}, {"fields": {"codename": "delete_contenttype", "name": "Can delete content type", "content_type": 6}, "model": "auth.permission", "pk": 18}, {"fields": {"codename": "add_docorsuser", "name": "Can add docors user", "content_type": 7}, "model": "auth.permission", "pk": 19}, {"fields": {"codename": "change_docorsuser", "name": "Can change docors user", "content_type": 7}, "model": "auth.permission", "pk": 20}, {"fields": {"codename": "delete_docorsuser", "name": "Can delete docors user", "content_type": 7}, "model": "auth.permission", "pk": 21}, {"fields": {"codename": "add_kvstore", "name": "Can add kv store", "content_type": 8}, "model": "auth.permission", "pk": 22}, {"fields": {"codename": "change_kvstore", "name": "Can change kv store", "content_type": 8}, "model": "auth.permission", "pk": 23}, {"fields": {"codename": "delete_kvstore", "name": "Can delete kv store", "content_type": 8}, "model": "auth.permission", "pk": 24}, {"fields": {"codename": "add_specialization", "name": "Can add specialization", "content_type": 9}, "model": "auth.permission", "pk": 25}, {"fields": {"codename": "change_specialization", "name": "Can change specialization", "content_type": 9}, "model": "auth.permission", "pk": 26}, {"fields": {"codename": "delete_specialization", "name": "Can delete specialization", "content_type": 9}, "model": "auth.permission", "pk": 27}, {"fields": {"codename": "add_fellowship", "name": "Can add fellowship", "content_type": 10}, "model": "auth.permission", "pk": 28}, {"fields": {"codename": "change_fellowship", "name": "Can change fellowship", "content_type": 10}, "model": "auth.permission", "pk": 29}, {"fields": {"codename": "delete_fellowship", "name": "Can delete fellowship", "content_type": 10}, "model": "auth.permission", "pk": 30}, {"fields": {"codename": "add_condition", "name": "Can add condition", "content_type": 11}, "model": "auth.permission", "pk": 31}, {"fields": {"codename": "change_condition", "name": "Can change condition", "content_type": 11}, "model": "auth.permission", "pk": 32}, {"fields": {"codename": "delete_condition", "name": "Can delete condition", "content_type": 11}, "model": "auth.permission", "pk": 33}, {"fields": {"codename": "add_procedure", "name": "Can add procedure", "content_type": 12}, "model": "auth.permission", "pk": 34}, {"fields": {"codename": "change_procedure", "name": "Can change procedure", "content_type": 12}, "model": "auth.permission", "pk": 35}, {"fields": {"codename": "delete_procedure", "name": "Can delete procedure", "content_type": 12}, "model": "auth.permission", "pk": 36}, {"fields": {"codename": "add_degree", "name": "Can add degree", "content_type": 13}, "model": "auth.permission", "pk": 37}, {"fields": {"codename": "change_degree", "name": "Can change degree", "content_type": 13}, "model": "auth.permission", "pk": 38}, {"fields": {"codename": "delete_degree", "name": "Can delete degree", "content_type": 13}, "model": "auth.permission", "pk": 39}, {"fields": {"codename": "add_practitioner", "name": "Can add practitioner", "content_type": 14}, "model": "auth.permission", "pk": 40}, {"fields": {"codename": "change_practitioner", "name": "Can change practitioner", "content_type": 14}, "model": "auth.permission", "pk": 41}, {"fields": {"codename": "delete_practitioner", "name": "Can delete practitioner", "content_type": 14}, "model": "auth.permission", "pk": 42}, {"fields": {"codename": "add_subscription", "name": "Can add subscription", "content_type": 15}, "model": "auth.permission", "pk": 43}, {"fields": {"codename": "change_subscription", "name": "Can change subscription", "content_type": 15}, "model": "auth.permission", "pk": 44}, {"fields": {"codename": "delete_subscription", "name": "Can delete subscription", "content_type": 15}, "model": "auth.permission", "pk": 45}, {"fields": {"codename": "add_patient", "name": "Can add patient", "content_type": 16}, "model": "auth.permission", "pk": 46}, {"fields": {"codename": "change_patient", "name": "Can change patient", "content_type": 16}, "model": "auth.permission", "pk": 47}, {"fields": {"codename": "delete_patient", "name": "Can delete patient", "content_type": 16}, "model": "auth.permission", "pk": 48}, {"fields": {"codename": "add_city", "name": "Can add city", "content_type": 17}, "model": "auth.permission", "pk": 49}, {"fields": {"codename": "change_city", "name": "Can change city", "content_type": 17}, "model": "auth.permission", "pk": 50}, {"fields": {"codename": "delete_city", "name": "Can delete city", "content_type": 17}, "model": "auth.permission", "pk": 51}, {"fields": {"codename": "add_area", "name": "Can add area", "content_type": 18}, "model": "auth.permission", "pk": 52}, {"fields": {"codename": "change_area", "name": "Can change area", "content_type": 18}, "model": "auth.permission", "pk": 53}, {"fields": {"codename": "delete_area", "name": "Can delete area", "content_type": 18}, "model": "auth.permission", "pk": 54}, {"fields": {"codename": "add_checkupfee", "name": "Can add checkup fee", "content_type": 19}, "model": "auth.permission", "pk": 55}, {"fields": {"codename": "change_checkupfee", "name": "Can change checkup fee", "content_type": 19}, "model": "auth.permission", "pk": 56}, {"fields": {"codename": "delete_checkupfee", "name": "Can delete checkup fee", "content_type": 19}, "model": "auth.permission", "pk": 57}, {"fields": {"codename": "add_practicelocation", "name": "Can add practice location", "content_type": 20}, "model": "auth.permission", "pk": 58}, {"fields": {"codename": "change_practicelocation", "name": "Can change practice location", "content_type": 20}, "model": "auth.permission", "pk": 59}, {"fields": {"codename": "delete_practicelocation", "name": "Can delete practice location", "content_type": 20}, "model": "auth.permission", "pk": 60}, {"fields": {"codename": "add_practice", "name": "Can add practice", "content_type": 21}, "model": "auth.permission", "pk": 61}, {"fields": {"codename": "change_practice", "name": "Can change practice", "content_type": 21}, "model": "auth.permission", "pk": 62}, {"fields": {"codename": "delete_practice", "name": "Can delete practice", "content_type": 21}, "model": "auth.permission", "pk": 63}, {"fields": {"codename": "add_practicetiming", "name": "Can add practice timing", "content_type": 22}, "model": "auth.permission", "pk": 64}, {"fields": {"codename": "change_practicetiming", "name": "Can change practice timing", "content_type": 22}, "model": "auth.permission", "pk": 65}, {"fields": {"codename": "delete_practicetiming", "name": "Can delete practice timing", "content_type": 22}, "model": "auth.permission", "pk": 66}, {"fields": {"codename": "add_recentsearch", "name": "Can add recent search", "content_type": 23}, "model": "auth.permission", "pk": 67}, {"fields": {"codename": "change_recentsearch", "name": "Can change recent search", "content_type": 23}, "model": "auth.permission", "pk": 68}, {"fields": {"codename": "delete_recentsearch", "name": "Can delete recent search", "content_type": 23}, "model": "auth.permission", "pk": 69}, {"fields": {"codename": "add_answer", "name": "Can add answer", "content_type": 24}, "model": "auth.permission", "pk": 70}, {"fields": {"codename": "change_answer", "name": "Can change answer", "content_type": 24}, "model": "auth.permission", "pk": 71}, {"fields": {"codename": "delete_answer", "name": "Can delete answer", "content_type": 24}, "model": "auth.permission", "pk": 72}, {"fields": {"codename": "add_comment", "name": "Can add comment", "content_type": 25}, "model": "auth.permission", "pk": 73}, {"fields": {"codename": "change_comment", "name": "Can change comment", "content_type": 25}, "model": "auth.permission", "pk": 74}, {"fields": {"codename": "delete_comment", "name": "Can delete comment", "content_type": 25}, "model": "auth.permission", "pk": 75}, {"fields": {"codename": "add_review", "name": "Can add review", "content_type": 26}, "model": "auth.permission", "pk": 76}, {"fields": {"codename": "change_review", "name": "Can change review", "content_type": 26}, "model": "auth.permission", "pk": 77}, {"fields": {"codename": "delete_review", "name": "Can delete review", "content_type": 26}, "model": "auth.permission", "pk": 78}, {"fields": {"codename": "add_question", "name": "Can add question", "content_type": 27}, "model": "auth.permission", "pk": 79}, {"fields": {"codename": "change_question", "name": "Can change question", "content_type": 27}, "model": "auth.permission", "pk": 80}, {"fields": {"codename": "delete_question", "name": "Can delete question", "content_type": 27}, "model": "auth.permission", "pk": 81}, {"fields": {"codename": "add_hitcount", "name": "Can add hit count", "content_type": 28}, "model": "auth.permission", "pk": 82}, {"fields": {"codename": "change_hitcount", "name": "Can change hit count", "content_type": 28}, "model": "auth.permission", "pk": 83}, {"fields": {"codename": "delete_hitcount", "name": "Can delete hit count", "content_type": 28}, "model": "auth.permission", "pk": 84}, {"fields": {"codename": "add_hit", "name": "Can add hit", "content_type": 29}, "model": "auth.permission", "pk": 85}, {"fields": {"codename": "change_hit", "name": "Can change hit", "content_type": 29}, "model": "auth.permission", "pk": 86}, {"fields": {"codename": "delete_hit", "name": "Can delete hit", "content_type": 29}, "model": "auth.permission", "pk": 87}, {"fields": {"codename": "add_blacklistip", "name": "Can add Blacklisted IP", "content_type": 30}, "model": "auth.permission", "pk": 88}, {"fields": {"codename": "change_blacklistip", "name": "Can change Blacklisted IP", "content_type": 30}, "model": "auth.permission", "pk": 89}, {"fields": {"codename": "delete_blacklistip", "name": "Can delete Blacklisted IP", "content_type": 30}, "model": "auth.permission", "pk": 90}, {"fields": {"codename": "add_blacklistuseragent", "name": "Can add Blacklisted User Agent", "content_type": 31}, "model": "auth.permission", "pk": 91}, {"fields": {"codename": "change_blacklistuseragent", "name": "Can change Blacklisted User Agent", "content_type": 31}, "model": "auth.permission", "pk": 92}, {"fields": {"codename": "delete_blacklistuseragent", "name": "Can delete Blacklisted User Agent", "content_type": 31}, "model": "auth.permission", "pk": 93}, {"fields": {"codename": "add_emailaddress", "name": "Can add email address", "content_type": 32}, "model": "auth.permission", "pk": 94}, {"fields": {"codename": "change_emailaddress", "name": "Can change email address", "content_type": 32}, "model": "auth.permission", "pk": 95}, {"fields": {"codename": "delete_emailaddress", "name": "Can delete email address", "content_type": 32}, "model": "auth.permission", "pk": 96}, {"fields": {"codename": "add_emailconfirmation", "name": "Can add email confirmation", "content_type": 33}, "model": "auth.permission", "pk": 97}, {"fields": {"codename": "change_emailconfirmation", "name": "Can change email confirmation", "content_type": 33}, "model": "auth.permission", "pk": 98}, {"fields": {"codename": "delete_emailconfirmation", "name": "Can delete email confirmation", "content_type": 33}, "model": "auth.permission", "pk": 99}, {"fields": {"codename": "add_socialapp", "name": "Can add social application", "content_type": 34}, "model": "auth.permission", "pk": 100}, {"fields": {"codename": "change_socialapp", "name": "Can change social application", "content_type": 34}, "model": "auth.permission", "pk": 101}, {"fields": {"codename": "delete_socialapp", "name": "Can delete social application", "content_type": 34}, "model": "auth.permission", "pk": 102}, {"fields": {"codename": "add_socialaccount", "name": "Can add social account", "content_type": 35}, "model": "auth.permission", "pk": 103}, {"fields": {"codename": "change_socialaccount", "name": "Can change social account", "content_type": 35}, "model": "auth.permission", "pk": 104}, {"fields": {"codename": "delete_socialaccount", "name": "Can delete social account", "content_type": 35}, "model": "auth.permission", "pk": 105}, {"fields": {"codename": "add_socialtoken", "name": "Can add social application token", "content_type": 36}, "model": "auth.permission", "pk": 106}, {"fields": {"codename": "change_socialtoken", "name": "Can change social application token", "content_type": 36}, "model": "auth.permission", "pk": 107}, {"fields": {"codename": "delete_socialtoken", "name": "Can delete social application token", "content_type": 36}, "model": "auth.permission", "pk": 108}]