[{"fields": {"human_name": "Child Specialist (Pediatrics)", "SEO_name": "Child Specialist", "name": "Pediatrics", "slug": "pediatrics"}, "model": "practitioner.specialization", "pk": 1}, {"fields": {"human_name": "Digestive Disorder. (Gastroenterology)", "SEO_name": "Gastroenterologists", "name": "Gastroenterology", "slug": "gastroenterology"}, "model": "practitioner.specialization", "pk": 2}, {"fields": {"human_name": "Diabetes", "SEO_name": "Diabetologists", "name": "Diabetologists", "slug": "endocrinology"}, "model": "practitioner.specialization", "pk": 3}, {"fields": {"human_name": "Psychiatrist", "SEO_name": "Psychiatrist", "name": "Psychiatrists", "slug": "psychiatry"}, "model": "practitioner.specialization", "pk": 5}, {"fields": {"human_name": "Nervous System Disorder. (Neurology)", "SEO_name": "Neurologist", "name": "Neurologists", "slug": "neurology"}, "model": "practitioner.specialization", "pk": 6}, {"fields": {"human_name": "Eye Specialist", "SEO_name": "Ophthalmologist", "name": "Ophthalmology", "slug": "ophthalmology"}, "model": "practitioner.specialization", "pk": 7}, {"fields": {"human_name": "ENT (Ear Nose & Throat)", "SEO_name": "ENT Specialist", "name": "ENT Specialists", "slug": "oto-rhino-laryngology"}, "model": "practitioner.specialization", "pk": 8}, {"fields": {"human_name": "Orthopaedics (Musculoskeletal System)", "SEO_name": "Orthopedic Surgeons", "name": "Orthopedic Surgeons", "slug": "orthopaedic-surgery"}, "model": "practitioner.specialization", "pk": 9}, {"fields": {"human_name": "Family Physician", "SEO_name": "General Physicians", "name": "Family Medicine", "slug": "family-medicine"}, "model": "practitioner.specialization", "pk": 10}, {"fields": {"human_name": "Skin Specialist", "SEO_name": "Dermatologist", "name": "Dermatology", "slug": "dermatology"}, "model": "practitioner.specialization", "pk": 11}, {"fields": {"human_name": "Gyne. (Gynecologist)", "SEO_name": "Gynecologists", "name": "Obstetrics and Gynecology", "slug": "obstetrics-and-gynecology"}, "model": "practitioner.specialization", "pk": 12}, {"fields": {"human_name": "Kidneys. (Nephrologist)", "SEO_name": "Nephrologists", "name": "Nephrology", "slug": "nephrology"}, "model": "practitioner.specialization", "pk": 13}, {"fields": {"human_name": "Heart Specialist. (Cardiologist)", "SEO_name": "Cardiologists", "name": "Cardiology", "slug": "cardiology"}, "model": "practitioner.specialization", "pk": 14}, {"fields": {"human_name": "Allergy and Immune System", "SEO_name": "Allergy Doctor", "name": "Allergy and Immunology", "slug": "allergy-and-immunology"}, "model": "practitioner.specialization", "pk": 15}, {"fields": {"human_name": "Lungs. (Pulmonologist)", "SEO_name": "Pulmonologist", "name": "Pulmonology", "slug": "pulmonology"}, "model": "practitioner.specialization", "pk": 16}, {"fields": {"human_name": "Urologist. (Urinary Tract System)", "SEO_name": "Urologist", "name": "Urology", "slug": "urology"}, "model": "practitioner.specialization", "pk": 17}, {"fields": {"human_name": "Radiologist", "SEO_name": "Radiologist", "name": "Radiology", "slug": "radiology"}, "model": "practitioner.specialization", "pk": 18}, {"fields": {"human_name": "Cancer Specialists", "SEO_name": "Cancer Specialists", "name": "Cancer Specialists", "slug": "cancer-specialists"}, "model": "practitioner.specialization", "pk": 19}, {"fields": {"human_name": "Chest Specialists", "SEO_name": "Chest Specialists", "name": "Chest Specialists", "slug": "chest-specialists"}, "model": "practitioner.specialization", "pk": 21}, {"fields": {"human_name": "General Physicians", "SEO_name": "General Physicians", "name": "General Physicians", "slug": "general-physicians"}, "model": "practitioner.specialization", "pk": 23}, {"fields": {"human_name": "General Surgeons", "SEO_name": "General Surgeons", "name": "General Surgery", "slug": "general-surgeons"}, "model": "practitioner.specialization", "pk": 24}, {"fields": {"human_name": "Hepatologists", "SEO_name": "Hepatologists", "name": "Hepatologists", "slug": "hepatologists"}, "model": "practitioner.specialization", "pk": 25}, {"fields": {"human_name": "Neurosurgeons", "SEO_name": "Neurosurgeons", "name": "Neurosurgeons", "slug": "neurosurgeons"}, "model": "practitioner.specialization", "pk": 26}, {"fields": {"human_name": "Plastic & Aesthetic Surgeons", "SEO_name": "Plastic & Aesthetic Surgeons", "name": "Plastic & Aesthetic Surgeons", "slug": "plastic-aesthetic-surgeons"}, "model": "practitioner.specialization", "pk": 29}, {"fields": {"human_name": "Anesthesiology", "SEO_name": "Anesthesiologist", "name": "Anesthesiology", "slug": "anesthesiology"}, "model": "practitioner.specialization", "pk": 30}, {"fields": {"slug": "pediatric-cardiology", "name": "Pediatric Cardiology", "specialization": 1}, "model": "practitioner.fellowship", "pk": 1}, {"fields": {"slug": "asthma", "name": "Asthma", "specialization": 1}, "model": "practitioner.condition", "pk": 1}, {"fields": {"slug": "infections", "name": "Infections", "specialization": 1}, "model": "practitioner.condition", "pk": 2}, {"fields": {"slug": "headache", "name": "Headache", "specialization": 1}, "model": "practitioner.condition", "pk": 3}, {"fields": {"slug": "abdominal-pain", "name": "Abdominal Pain", "specialization": 2}, "model": "practitioner.condition", "pk": 4}, {"fields": {"slug": "anemia", "name": "Anemia", "specialization": 2}, "model": "practitioner.condition", "pk": 5}, {"fields": {"slug": "barretts-esophagus", "name": "Barrett's Esophagus", "specialization": 2}, "model": "practitioner.condition", "pk": 6}, {"fields": {"slug": "benign-neoplasm-of-the-digestive-system", "name": "Benign Neoplasm of the Digestive System", "specialization": 2}, "model": "practitioner.condition", "pk": 7}, {"fields": {"slug": "biliary-atresia", "name": "Biliary Atresia", "specialization": 2}, "model": "practitioner.condition", "pk": 8}, {"fields": {"slug": "cholecystitis-and-gallstones", "name": "Cholecystitis and Gallstones", "specialization": 2}, "model": "practitioner.condition", "pk": 9}, {"fields": {"slug": "cirrhosis", "name": "Cirrhosis", "specialization": 2}, "model": "practitioner.condition", "pk": 10}, {"fields": {"slug": "colorectal-cancer", "name": "Colorectal Cancer", "specialization": 2}, "model": "practitioner.condition", "pk": 11}, {"fields": {"slug": "crohns-disease-regional-enteritis", "name": "Crohn's Disease (Regional Enteritis)", "specialization": 2}, "model": "practitioner.condition", "pk": 12}, {"fields": {"slug": "diaphragmatic-and-or-hiatal-hernia", "name": "Diaphragmatic and-or Hiatal Hernia", "specialization": 2}, "model": "practitioner.condition", "pk": 13}, {"fields": {"slug": "diverticulitis-intestinal", "name": "Diverticulitis, Intestinal", "specialization": 2}, "model": "practitioner.condition", "pk": 14}, {"fields": {"slug": "diverticulosis-intestinal", "name": "Diverticulosis, Intestinal", "specialization": 2}, "model": "practitioner.condition", "pk": 15}, {"fields": {"slug": "diverticulum-of-esophagus", "name": "Diverticulum of Esophagus", "specialization": 2}, "model": "practitioner.condition", "pk": 16}, {"fields": {"slug": "duodenal-ulcer", "name": "Duodenal Ulcer", "specialization": 2}, "model": "practitioner.condition", "pk": 17}, {"fields": {"slug": "duodenitis", "name": "Duodenitis", "specialization": 2}, "model": "practitioner.condition", "pk": 18}, {"fields": {"slug": "dysphagia", "name": "Dysphagia", "specialization": 2}, "model": "practitioner.condition", "pk": 19}, {"fields": {"slug": "enteritis", "name": "Enteritis", "specialization": 2}, "model": "practitioner.condition", "pk": 20}, {"fields": {"slug": "esophageal-achalasia-and-cardiospasm", "name": "Esophageal Achalasia and Cardiospasm", "specialization": 2}, "model": "practitioner.condition", "pk": 21}, {"fields": {"slug": "esophageal-cancer", "name": "Esophageal Cancer", "specialization": 2}, "model": "practitioner.condition", "pk": 22}, {"fields": {"slug": "esophageal-dilation", "name": "Esophageal Dilation", "specialization": 2}, "model": "practitioner.condition", "pk": 23}, {"fields": {"slug": "esophageal-ulcer", "name": "Esophageal Ulcer", "specialization": 2}, "model": "practitioner.condition", "pk": 24}, {"fields": {"slug": "esophageal-varices", "name": "Esophageal Varices", "specialization": 2}, "model": "practitioner.condition", "pk": 25}, {"fields": {"slug": "esophagitis", "name": "Esophagitis", "specialization": 2}, "model": "practitioner.condition", "pk": 26}, {"fields": {"slug": "gas-bloat-syndrome", "name": "Gas-Bloat Syndrome", "specialization": 2}, "model": "practitioner.condition", "pk": 27}, {"fields": {"slug": "gastric-ulcer", "name": "Gastric Ulcer", "specialization": 2}, "model": "practitioner.condition", "pk": 28}, {"fields": {"slug": "gastritis", "name": "Gastritis", "specialization": 2}, "model": "practitioner.condition", "pk": 29}, {"fields": {"slug": "gastroesophageal-reflux-disease-gerd", "name": "Gastroesophageal Reflux Disease (GERD)", "specialization": 2}, "model": "practitioner.condition", "pk": 30}, {"fields": {"slug": "gastrointestinal-bleeding", "name": "Gastrointestinal Bleeding", "specialization": 2}, "model": "practitioner.condition", "pk": 31}, {"fields": {"slug": "gastrointestinal-malabsorption", "name": "Gastrointestinal Malabsorption", "specialization": 2}, "model": "practitioner.condition", "pk": 32}, {"fields": {"slug": "gastroparesis", "name": "Gastroparesis", "specialization": 2}, "model": "practitioner.condition", "pk": 33}, {"fields": {"slug": "aneurysm-and-dissection-of-heart", "name": "Aneurysm and Dissection of Heart", "specialization": 14}, "model": "practitioner.condition", "pk": 34}, {"fields": {"slug": "angina-and-acute-coronary-syndrome", "name": "Angina and Acute Coronary Syndrome", "specialization": 14}, "model": "practitioner.condition", "pk": 35}, {"fields": {"slug": "aortic-aneurysm", "name": "Aortic Aneurysm", "specialization": 14}, "model": "practitioner.condition", "pk": 36}, {"fields": {"slug": "aortic-dissection", "name": "Aortic Dissection", "specialization": 14}, "model": "practitioner.condition", "pk": 37}, {"fields": {"slug": "aortic-embolism-and-thrombosis", "name": "Aortic Embolism and Thrombosis", "specialization": 14}, "model": "practitioner.condition", "pk": 38}, {"fields": {"slug": "aortic-valve-disease", "name": "Aortic Valve Disease", "specialization": 14}, "model": "practitioner.condition", "pk": 39}, {"fields": {"slug": "arrhythmias-incl-atrial-fibrillation", "name": "Arrhythmias (incl. Atrial Fibrillation)", "specialization": 14}, "model": "practitioner.condition", "pk": 40}, {"fields": {"slug": "autonomic-disorders", "name": "Autonomic Disorders", "specialization": 14}, "model": "practitioner.condition", "pk": 41}, {"fields": {"slug": "cardiomegaly", "name": "Cardiomegaly", "specialization": 14}, "model": "practitioner.condition", "pk": 42}, {"fields": {"slug": "cardiomyopathy", "name": "Cardiomyopathy", "specialization": 14}, "model": "practitioner.condition", "pk": 43}, {"fields": {"slug": "carotid-artery-disease", "name": "Carotid Artery Disease", "specialization": 19}, "model": "practitioner.condition", "pk": 44}, {"fields": {"slug": "chronic-pulmonary-heart-diseases-incl-pulmonary-hy", "name": "Chronic Pulmonary Heart Diseases (incl. Pulmonary Hypertension)", "specialization": 14}, "model": "practitioner.condition", "pk": 45}, {"fields": {"slug": "congenital-heart-disease", "name": "Congenital Heart Disease", "specialization": 14}, "model": "practitioner.condition", "pk": 46}, {"fields": {"slug": "congestive-heart-failure", "name": "Congestive Heart Failure", "specialization": 14}, "model": "practitioner.condition", "pk": 47}, {"fields": {"slug": "coronary-artery-disease-cad", "name": "Coronary Artery Disease (CAD)", "specialization": 14}, "model": "practitioner.condition", "pk": 48}, {"fields": {"slug": "ebsteins-anomaly", "name": "Ebstein's Anomaly", "specialization": 14}, "model": "practitioner.condition", "pk": 49}, {"fields": {"slug": "endocarditis", "name": "Endocarditis", "specialization": 14}, "model": "practitioner.condition", "pk": 50}, {"fields": {"slug": "heart-attack-acute-myocardial-infarction", "name": "Heart Attack (Acute Myocardial Infarction)", "specialization": 14}, "model": "practitioner.condition", "pk": 51}, {"fields": {"slug": "hyperlipidemia", "name": "Hyperlipidemia", "specialization": 14}, "model": "practitioner.condition", "pk": 52}, {"fields": {"slug": "hypertension", "name": "Hypertension", "specialization": 14}, "model": "practitioner.condition", "pk": 53}, {"fields": {"slug": "hypertensive-chronic-kidney-disease", "name": "Hypertensive Chronic Kidney Disease", "specialization": 14}, "model": "practitioner.condition", "pk": 54}, {"fields": {"slug": "hypertensive-heart-and-chronic-kidney-disease", "name": "Hypertensive Heart and Chronic Kidney Disease", "specialization": 14}, "model": "practitioner.condition", "pk": 55}, {"fields": {"slug": "hypertensive-heart-disease", "name": "Hypertensive Heart Disease", "specialization": 14}, "model": "practitioner.condition", "pk": 56}, {"fields": {"slug": "hypotension", "name": "Hypotension", "specialization": 14}, "model": "practitioner.condition", "pk": 57}, {"fields": {"slug": "marfan-syndrome", "name": "Marfan Syndrome", "specialization": 14}, "model": "practitioner.condition", "pk": 58}, {"fields": {"slug": "mitral-valve-disease", "name": "Mitral Valve Disease", "specialization": 14}, "model": "practitioner.condition", "pk": 59}, {"fields": {"slug": "pericardial-disease", "name": "Pericardial Disease", "specialization": 14}, "model": "practitioner.condition", "pk": 60}, {"fields": {"slug": "primary-pulmonary-hypertension", "name": "Primary Pulmonary Hypertension", "specialization": 14}, "model": "practitioner.condition", "pk": 61}, {"fields": {"slug": "pulmonary-edema", "name": "Pulmonary Edema", "specialization": 14}, "model": "practitioner.condition", "pk": 62}, {"fields": {"slug": "pulmonary-hypertension", "name": "Pulmonary Hypertension", "specialization": 14}, "model": "practitioner.condition", "pk": 63}, {"fields": {"slug": "pulmonary-valve-disease", "name": "Pulmonary Valve Disease", "specialization": 14}, "model": "practitioner.condition", "pk": 64}, {"fields": {"slug": "septal-defect", "name": "Septal Defect", "specialization": 14}, "model": "practitioner.condition", "pk": 65}, {"fields": {"slug": "syncope", "name": "Syncope", "specialization": 14}, "model": "practitioner.condition", "pk": 66}, {"fields": {"slug": "tetralogy-of-fallot", "name": "Tetralogy of Fallot", "specialization": 14}, "model": "practitioner.condition", "pk": 67}, {"fields": {"slug": "tricuspid-valve-disease", "name": "Tricuspid Valve Disease", "specialization": 14}, "model": "practitioner.condition", "pk": 68}, {"fields": {"slug": "allergic-rhinitis", "name": "Allergic Rhinitis", "specialization": 1}, "model": "practitioner.condition", "pk": 69}, {"fields": {"slug": "allergies", "name": "Allergies", "specialization": 1}, "model": "practitioner.condition", "pk": 70}, {"fields": {"slug": "asthma-2", "name": "Asthma", "specialization": 1}, "model": "practitioner.condition", "pk": 71}, {"fields": {"slug": "asthma-in-children", "name": "Asthma in Children", "specialization": 1}, "model": "practitioner.condition", "pk": 72}, {"fields": {"slug": "atopic-dermatitis-eczema", "name": "Atopic Dermatitis (Eczema)", "specialization": 1}, "model": "practitioner.condition", "pk": 73}, {"fields": {"slug": "attention-deficit-disorder-add", "name": "Attention Deficit Disorder (ADD)", "specialization": 1}, "model": "practitioner.condition", "pk": 74}, {"fields": {"slug": "attention-deficit-hyperactivity-disorder-adhd", "name": "Attention Deficit Hyperactivity Disorder (ADHD)", "specialization": 1}, "model": "practitioner.condition", "pk": 75}, {"fields": {"slug": "chronic-sinusitis", "name": "Chronic Sinusitis", "specialization": 1}, "model": "practitioner.condition", "pk": 76}, {"fields": {"slug": "dermatitis", "name": "Dermatitis", "specialization": 1}, "model": "practitioner.condition", "pk": 77}, {"fields": {"slug": "diabetes", "name": "Diabetes", "specialization": 1}, "model": "practitioner.condition", "pk": 78}, {"fields": {"slug": "headache-2", "name": "Headache", "specialization": 1}, "model": "practitioner.condition", "pk": 79}, {"fields": {"slug": "hives", "name": "Hives", "specialization": 1}, "model": "practitioner.condition", "pk": 80}, {"fields": {"slug": "infections-2", "name": "Infections", "specialization": 1}, "model": "practitioner.condition", "pk": 81}, {"fields": {"slug": "injuries", "name": "Injuries", "specialization": 1}, "model": "practitioner.condition", "pk": 82}, {"fields": {"slug": "obesity", "name": "Obesity", "specialization": 1}, "model": "practitioner.condition", "pk": 83}, {"fields": {"slug": "otitis-media", "name": "Otitis Media", "specialization": 1}, "model": "practitioner.condition", "pk": 84}, {"fields": {"slug": "pediatric-disorders", "name": "Pediatric Disorders", "specialization": 1}, "model": "practitioner.condition", "pk": 85}, {"fields": {"slug": "pinkeye-conjunctivitis", "name": "Pinkeye (Conjunctivitis)", "specialization": 1}, "model": "practitioner.condition", "pk": 86}, {"fields": {"slug": "pollen-allergy", "name": "Pollen Allergy", "specialization": 1}, "model": "practitioner.condition", "pk": 87}, {"fields": {"slug": "sinusitis", "name": "Sinusitis", "specialization": 1}, "model": "practitioner.condition", "pk": 88}, {"fields": {"slug": "asthma-3", "name": "Asthma", "specialization": 16}, "model": "practitioner.condition", "pk": 89}, {"fields": {"slug": "breathing-disorders", "name": "Breathing Disorders", "specialization": 16}, "model": "practitioner.condition", "pk": 90}, {"fields": {"slug": "bronchiolitis", "name": "Bronchiolitis", "specialization": 16}, "model": "practitioner.condition", "pk": 91}, {"fields": {"slug": "bronchitis", "name": "Bronchitis", "specialization": 16}, "model": "practitioner.condition", "pk": 92}, {"fields": {"slug": "chronic-bronchitis", "name": "Chronic Bronchitis", "specialization": 16}, "model": "practitioner.condition", "pk": 93}, {"fields": {"slug": "chronic-pulmonary-heart-diseases-incl-pulmonary--2", "name": "Chronic Pulmonary Heart Diseases (incl. Pulmonary Hypertension)", "specialization": 16}, "model": "practitioner.condition", "pk": 94}, {"fields": {"slug": "copd-chronic-obstructive-pulmonary-disease", "name": "COPD (Chronic Obstructive Pulmonary Disease)", "specialization": 16}, "model": "practitioner.condition", "pk": 95}, {"fields": {"slug": "emphysema", "name": "Emphysema", "specialization": 16}, "model": "practitioner.condition", "pk": 96}, {"fields": {"slug": "insomnia", "name": "Insomnia", "specialization": 16}, "model": "practitioner.condition", "pk": 97}, {"fields": {"slug": "interstitial-lung-disease", "name": "Interstitial Lung Disease", "specialization": 16}, "model": "practitioner.condition", "pk": 98}, {"fields": {"slug": "lung-cancer", "name": "Lung Cancer", "specialization": 16}, "model": "practitioner.condition", "pk": 99}, {"fields": {"slug": "lung-nodule", "name": "Lung Nodule", "specialization": 16}, "model": "practitioner.condition", "pk": 100}, {"fields": {"slug": "pleural-effusion", "name": "Pleural Effusion", "specialization": 16}, "model": "practitioner.condition", "pk": 101}, {"fields": {"slug": "pneumonia", "name": "Pneumonia", "specialization": 16}, "model": "practitioner.condition", "pk": 102}, {"fields": {"slug": "primary-pulmonary-hypertension-2", "name": "Primary Pulmonary Hypertension", "specialization": 16}, "model": "practitioner.condition", "pk": 103}, {"fields": {"slug": "pulmonary-disease", "name": "Pulmonary Disease", "specialization": 16}, "model": "practitioner.condition", "pk": 104}, {"fields": {"slug": "pulmonary-embolism", "name": "Pulmonary Embolism", "specialization": 16}, "model": "practitioner.condition", "pk": 105}, {"fields": {"slug": "pulmonary-hypertension-2", "name": "Pulmonary Hypertension", "specialization": 16}, "model": "practitioner.condition", "pk": 106}, {"fields": {"slug": "respiratory-diseases", "name": "Respiratory Diseases", "specialization": 16}, "model": "practitioner.condition", "pk": 107}, {"fields": {"slug": "respiratory-failure", "name": "Respiratory Failure", "specialization": 16}, "model": "practitioner.condition", "pk": 108}, {"fields": {"slug": "sarcoidosis", "name": "Sarcoidosis", "specialization": 16}, "model": "practitioner.condition", "pk": 109}, {"fields": {"slug": "sleep-apnea", "name": "Sleep Apnea", "specialization": 16}, "model": "practitioner.condition", "pk": 110}, {"fields": {"slug": "sleep-disorders", "name": "Sleep Disorders", "specialization": 16}, "model": "practitioner.condition", "pk": 111}, {"fields": {"slug": "vaccination", "name": "Vaccination", "specialization": 1}, "model": "practitioner.procedure", "pk": 1}, {"fields": {"slug": "infant-care", "name": "Infant Care", "specialization": 1}, "model": "practitioner.procedure", "pk": 2}, {"fields": {"slug": "allergy-treatment", "name": "Allergy Treatment", "specialization": 1}, "model": "practitioner.procedure", "pk": 3}, {"fields": {"slug": "capsule-endoscopy", "name": "Capsule Endoscopy", "specialization": 2}, "model": "practitioner.procedure", "pk": 4}, {"fields": {"slug": "colon-cancer-screening", "name": "Colon Cancer Screening", "specialization": 2}, "model": "practitioner.procedure", "pk": 5}, {"fields": {"slug": "colonoscopy-proctosigmoidoscopy-and-sigmoidoscopy", "name": "Colonoscopy, Proctosigmoidoscopy, and Sigmoidoscopy", "specialization": 2}, "model": "practitioner.procedure", "pk": 6}, {"fields": {"slug": "endoscopic-polypectomy", "name": "Endoscopic Polypectomy", "specialization": 2}, "model": "practitioner.procedure", "pk": 7}, {"fields": {"slug": "endoscopic-ultrasound", "name": "Endoscopic Ultrasound", "specialization": 2}, "model": "practitioner.procedure", "pk": 8}, {"fields": {"slug": "endoscopy", "name": "Endoscopy", "specialization": 2}, "model": "practitioner.procedure", "pk": 9}, {"fields": {"slug": "endoscopy-esophagus-stomach-small-intestine", "name": "Endoscopy (Esophagus, Stomach, Small Intestine)", "specialization": 2}, "model": "practitioner.procedure", "pk": 10}, {"fields": {"slug": "ercp-endoscopic-retrograde-cholangiopancreatograph", "name": "ERCP (Endoscopic Retrograde Cholangiopancreatography)", "specialization": 2}, "model": "practitioner.procedure", "pk": 11}, {"fields": {"slug": "esophageal-ph-monitoring", "name": "Esophageal pH Monitoring", "specialization": 2}, "model": "practitioner.procedure", "pk": 12}, {"fields": {"slug": "hemorrhoid-banding", "name": "Hemorrhoid Banding", "specialization": 2}, "model": "practitioner.procedure", "pk": 13}, {"fields": {"slug": "hemorrhoidectomy-or-excision-of-anal-tags", "name": "Hemorrhoidectomy or Excision of Anal Tags", "specialization": 2}, "model": "practitioner.procedure", "pk": 14}, {"fields": {"slug": "liver-biopsy", "name": "Liver Biopsy", "specialization": 2}, "model": "practitioner.procedure", "pk": 15}, {"fields": {"slug": "manometry", "name": "Manometry", "specialization": 2}, "model": "practitioner.procedure", "pk": 16}, {"fields": {"slug": "ablation-for-treatment-of-cardiac-arrhythmias", "name": "Ablation for Treatment of Cardiac Arrhythmias", "specialization": 14}, "model": "practitioner.procedure", "pk": 17}, {"fields": {"slug": "angiogram", "name": "Angiogram", "specialization": 14}, "model": "practitioner.procedure", "pk": 18}, {"fields": {"slug": "angioplasty", "name": "Angioplasty", "specialization": 14}, "model": "practitioner.procedure", "pk": 19}, {"fields": {"slug": "automatic-implantable-cardioverter-defibrillator-i", "name": "Automatic Implantable Cardioverter Defibrillator (ICD) Implantation", "specialization": 14}, "model": "practitioner.procedure", "pk": 20}, {"fields": {"slug": "cardiac-catheterization", "name": "Cardiac Catheterization", "specialization": 14}, "model": "practitioner.procedure", "pk": 21}, {"fields": {"slug": "cardiac-catheterization-incl-coronary-angiography", "name": "Cardiac Catheterization (incl. Coronary Angiography)", "specialization": 14}, "model": "practitioner.procedure", "pk": 22}, {"fields": {"slug": "cardiac-imaging", "name": "Cardiac Imaging", "specialization": 14}, "model": "practitioner.procedure", "pk": 23}, {"fields": {"slug": "cardiac-mri-magnetic-resonance-imaging-of-heart-or", "name": "Cardiac MRI (Magnetic Resonance Imaging) of Heart or Chest", "specialization": 14}, "model": "practitioner.procedure", "pk": 24}, {"fields": {"slug": "cardiac-myocardial-perfusion-imaging", "name": "Cardiac Myocardial Perfusion Imaging", "specialization": 14}, "model": "practitioner.procedure", "pk": 25}, {"fields": {"slug": "cardiac-procedure", "name": "Cardiac Procedure", "specialization": 14}, "model": "practitioner.procedure", "pk": 26}, {"fields": {"slug": "cardioversion", "name": "Cardioversion", "specialization": 14}, "model": "practitioner.procedure", "pk": 27}, {"fields": {"slug": "cardioversion-elective", "name": "Cardioversion, Elective", "specialization": 14}, "model": "practitioner.procedure", "pk": 28}, {"fields": {"slug": "cardioverter-defibrillator-or-pacemaker-insertion-", "name": "Cardioverter-Defibrillator or Pacemaker Insertion, Removal or Repair", "specialization": 14}, "model": "practitioner.procedure", "pk": 29}, {"fields": {"slug": "carotid-angioplasty-and-stenting", "name": "Carotid Angioplasty And Stenting", "specialization": 14}, "model": "practitioner.procedure", "pk": 30}, {"fields": {"slug": "chest-ct-incl-heart-and-lungs", "name": "Chest CT (incl. Heart and Lungs)", "specialization": 14}, "model": "practitioner.procedure", "pk": 31}, {"fields": {"slug": "chest-pain", "name": "Chest Pain", "specialization": 14}, "model": "practitioner.procedure", "pk": 32}, {"fields": {"slug": "coronary-angioplasty-atherectomy-and-stent", "name": "Coronary Angioplasty, Atherectomy and Stent", "specialization": 14}, "model": "practitioner.procedure", "pk": 33}, {"fields": {"slug": "ekg-electrocardiogram-ecg", "name": "EKG (Electrocardiogram, ECG)", "specialization": 14}, "model": "practitioner.procedure", "pk": 34}, {"fields": {"slug": "electrophysiological-study", "name": "Electrophysiological Study", "specialization": 6}, "model": "practitioner.procedure", "pk": 35}, {"fields": {"slug": "impella-device", "name": "Impella Device", "specialization": 14}, "model": "practitioner.procedure", "pk": 36}, {"fields": {"slug": "implantable-cardioverter-defibrillators-icds", "name": "Implantable Cardioverter-Defibrillators (Icds)", "specialization": 14}, "model": "practitioner.procedure", "pk": 37}, {"fields": {"slug": "insertion-of-epicardial-lead-for-pacemaker-or-card", "name": "Insertion of Epicardial Lead for Pacemaker or Cardioverter and-or Defibrillator", "specialization": 14}, "model": "practitioner.procedure", "pk": 38}, {"fields": {"slug": "interventional-cardiology", "name": "Interventional Cardiology", "specialization": 14}, "model": "practitioner.procedure", "pk": 39}, {"fields": {"slug": "pacemaker", "name": "Pacemaker", "specialization": 14}, "model": "practitioner.procedure", "pk": 40}, {"fields": {"slug": "pacemaker-insertion-or-replacement", "name": "Pacemaker Insertion or Replacement", "specialization": 14}, "model": "practitioner.procedure", "pk": 41}, {"fields": {"slug": "peripheral-artery-catheterization", "name": "Peripheral Artery Catheterization", "specialization": 14}, "model": "practitioner.procedure", "pk": 42}, {"fields": {"slug": "radiofrequency-ablation", "name": "Radiofrequency Ablation", "specialization": 14}, "model": "practitioner.procedure", "pk": 43}, {"fields": {"slug": "removal-or-revision-of-pacemaker-or-cardioverter-a", "name": "Removal or Revision of Pacemaker or Cardioverter and-or Defibrillator", "specialization": 14}, "model": "practitioner.procedure", "pk": 44}, {"fields": {"slug": "thoracentesis", "name": "Thoracentesis", "specialization": 14}, "model": "practitioner.procedure", "pk": 45}, {"fields": {"slug": "tilt-testing-or-cardiac-event-monitors", "name": "Tilt Testing or Cardiac Event Monitors", "specialization": 14}, "model": "practitioner.procedure", "pk": 46}, {"fields": {"slug": "transthoracic-echocardiography-tte", "name": "Transthoracic Echocardiography (TTE)", "specialization": 14}, "model": "practitioner.procedure", "pk": 47}, {"fields": {"slug": "abscess-incision-and-drainage", "name": "Abscess Incision and Drainage", "specialization": 1}, "model": "practitioner.procedure", "pk": 48}, {"fields": {"slug": "allergy-shots", "name": "Allergy Shots", "specialization": 1}, "model": "practitioner.procedure", "pk": 49}, {"fields": {"slug": "allergy-shots-for-insect-stings", "name": "Allergy Shots for Insect Stings", "specialization": 1}, "model": "practitioner.procedure", "pk": 50}, {"fields": {"slug": "allergy-skin-testing", "name": "Allergy Skin Testing", "specialization": 1}, "model": "practitioner.procedure", "pk": 51}, {"fields": {"slug": "allergy-testing", "name": "Allergy Testing", "specialization": 1}, "model": "practitioner.procedure", "pk": 52}, {"fields": {"slug": "immunization", "name": "Immunization", "specialization": 1}, "model": "practitioner.procedure", "pk": 53}, {"fields": {"slug": "nebulizer-treatment", "name": "Nebulizer Treatment", "specialization": 1}, "model": "practitioner.procedure", "pk": 55}, {"fields": {"slug": "newborn-care", "name": "Newborn Care", "specialization": 1}, "model": "practitioner.procedure", "pk": 56}, {"fields": {"slug": "physical-examination", "name": "Physical Examination", "specialization": 1}, "model": "practitioner.procedure", "pk": 57}, {"fields": {"slug": "sports-physical-examination", "name": "Sports Physical Examination", "specialization": 1}, "model": "practitioner.procedure", "pk": 58}, {"fields": {"slug": "wart-removal", "name": "Wart Removal", "specialization": 1}, "model": "practitioner.procedure", "pk": 60}, {"fields": {"slug": "well-baby-care", "name": "Well Baby Care", "specialization": 1}, "model": "practitioner.procedure", "pk": 61}, {"fields": {"slug": "well-child-examination", "name": "Well Child Examination", "specialization": 1}, "model": "practitioner.procedure", "pk": 62}, {"fields": {"slug": "arterial-line-insertion", "name": "Arterial Line Insertion", "specialization": 16}, "model": "practitioner.procedure", "pk": 63}, {"fields": {"slug": "bronchial-asthma", "name": "Bronchial Asthma", "specialization": 16}, "model": "practitioner.procedure", "pk": 64}, {"fields": {"slug": "bronchitis", "name": "Bronchitis", "specialization": 16}, "model": "practitioner.procedure", "pk": 65}, {"fields": {"slug": "bronchoscopy", "name": "Bronchoscopy", "specialization": 16}, "model": "practitioner.procedure", "pk": 66}, {"fields": {"slug": "chest-diseases", "name": "Chest Diseases", "specialization": 16}, "model": "practitioner.procedure", "pk": 67}, {"fields": {"slug": "chest-tube-insertion", "name": "Chest Tube Insertion", "specialization": 16}, "model": "practitioner.procedure", "pk": 68}, {"fields": {"slug": "continuous-positive-airway-pressure-cpap", "name": "Continuous Positive Airway Pressure (CPAP)", "specialization": 16}, "model": "practitioner.procedure", "pk": 69}, {"fields": {"slug": "copd", "name": "COPD", "specialization": 16}, "model": "practitioner.procedure", "pk": 70}, {"fields": {"slug": "eosinophilia", "name": "Eosinophilia", "specialization": 16}, "model": "practitioner.procedure", "pk": 71}, {"fields": {"slug": "lung-abscess", "name": "Lung Abscess", "specialization": 16}, "model": "practitioner.procedure", "pk": 72}, {"fields": {"slug": "lung-infections", "name": "Lung Infections", "specialization": 16}, "model": "practitioner.procedure", "pk": 73}, {"fields": {"slug": "obesity-related-lung-diseases", "name": "Obesity Related Lung Diseases", "specialization": 16}, "model": "practitioner.procedure", "pk": 74}, {"fields": {"slug": "pleural-effusion", "name": "Pleural Effusion", "specialization": 16}, "model": "practitioner.procedure", "pk": 75}, {"fields": {"slug": "pneumonia", "name": "Pneumonia", "specialization": 16}, "model": "practitioner.procedure", "pk": 76}, {"fields": {"slug": "pulmonary-function-tests", "name": "Pulmonary Function Tests", "specialization": 16}, "model": "practitioner.procedure", "pk": 77}, {"fields": {"slug": "smoking-cessation", "name": "Smoking Cessation", "specialization": 16}, "model": "practitioner.procedure", "pk": 78}, {"fields": {"slug": "spirometry", "name": "Spirometry", "specialization": 16}, "model": "practitioner.procedure", "pk": 79}, {"fields": {"slug": "tuberculosis", "name": "Tuberculosis", "specialization": 16}, "model": "practitioner.procedure", "pk": 80}, {"fields": {"slug": "ventilation-management", "name": "Ventilation Management", "specialization": 16}, "model": "practitioner.procedure", "pk": 81}, {"fields": {"description": "This is the primary qualitfication required for a doctor.", "points": 5, "name": "MBBS", "color_code": "#FFB80B"}, "model": "practitioner.degree", "pk": 1}, {"fields": {"description": "This is the primary qualitfication required for a doctor.", "points": 5, "name": "MD", "color_code": "#FFB80B"}, "model": "practitioner.degree", "pk": 2}, {"fields": {"description": "This doctor has specialized in his field from the U.K/Europe", "points": 5, "name": "FRC (Fellow of Royal College)", "color_code": "#FFB708"}, "model": "practitioner.degree", "pk": 4}, {"fields": {"description": "This doctor has specialized in his field from the U.K/Europe", "points": 5, "name": "MRC (Member of Royal College)", "color_code": "#FFB708"}, "model": "practitioner.degree", "pk": 6}, {"fields": {"description": "Pakistan", "points": 5, "name": "FCPS", "color_code": "#008585"}, "model": "practitioner.degree", "pk": 7}, {"fields": {"description": "Pakistan", "points": 5, "name": "MCPS", "color_code": "#008585"}, "model": "practitioner.degree", "pk": 8}, {"fields": {"description": "This doctor has completed his/her specialization in the U.S", "points": 10, "name": "DAB (Diplomate American Board)", "color_code": "#5ACF66"}, "model": "practitioner.degree", "pk": 9}, {"fields": {"achievements": "Dr. Muhammad Anwar the renowned and best Child Specialist in Lahore having a experience of over 20 years in this field and he is still serving the Children.", "status": true, "name": "Dr. Mohammad Anwar", "fellowship": [], "review_rating": "0.00", "gender": "M", "modified": "2015-06-28T11:33:08.454Z", "recommendation": 0, "education_marks": 0, "specialty": 1, "experience": 20, "slug": "dr-mohammad-anwar", "procedures": [3, 1], "physician_type": "2", "year_of_birth": 0, "not_recommended": 0, "photo": "", "degrees": [9, 1], "message": "", "conditions": [1, 3], "email": null}, "model": "practitioner.practitioner", "pk": 1}, {"fields": {"achievements": "", "status": true, "name": "Prof. Tahir Masood Ahmad", "fellowship": [], "review_rating": "0.00", "gender": "M", "modified": "2015-06-28T11:32:46.551Z", "recommendation": 0, "education_marks": 0, "specialty": 1, "experience": 15, "slug": "prof-tahir-masood-ahmad", "procedures": [1], "physician_type": "2", "year_of_birth": 0, "not_recommended": 0, "photo": "", "degrees": [7, 1, 8, 2], "message": "", "conditions": [1], "email": null}, "model": "practitioner.practitioner", "pk": 2}, {"fields": {"achievements": "He is serving as Dean at The Children's Hospital/Institute of Child health.", "status": true, "name": "Dr. Masood Sadiq", "fellowship": [], "review_rating": "0.00", "gender": "M", "modified": "2015-06-28T11:32:34.252Z", "recommendation": 0, "education_marks": 0, "specialty": 1, "experience": 10, "slug": "dr-masood-sadiq", "procedures": [3, 1], "physician_type": "2", "year_of_birth": 0, "not_recommended": 0, "photo": "", "degrees": [4, 1, 6], "message": "", "conditions": [1, 2], "email": null}, "model": "practitioner.practitioner", "pk": 3}, {"fields": {"achievements": "Presented scientific papers at National and international meetings in USA. During research in USA, in 1989, discovered a new phosphate binder - calcium acetate - that is being used all over the world including America as the best medicine to reduce phosphate absorption from intestine in chronic renal failure patients.", "status": true, "name": "Dr. Mudassir S. Sheikh", "fellowship": [], "review_rating": "0.00", "gender": "M", "modified": "2015-06-29T19:19:24.455Z", "recommendation": 0, "education_marks": 0, "specialty": 2, "experience": 23, "slug": "dr-mudassir-s-sheikh", "procedures": [3, 4, 5, 6, 7, 8, 9, 11], "physician_type": "2", "year_of_birth": 0, "not_recommended": 0, "photo": "", "degrees": [9, 2], "message": "", "conditions": [4, 1, 11, 14, 15, 16, 17, 20, 22, 23, 24, 26, 27, 28, 30, 31, 32, 33, 2], "email": ""}, "model": "practitioner.practitioner", "pk": 4}, {"fields": {"achievements": "", "status": true, "name": "Prof. Dr. Arif Qayyum Khan", "fellowship": [], "review_rating": "0.00", "gender": "M", "modified": "2015-06-28T11:32:03.658Z", "recommendation": 0, "education_marks": 0, "specialty": 2, "experience": 10, "slug": "prof-dr-arif-qayyum-khan", "procedures": [], "physician_type": "2", "year_of_birth": 0, "not_recommended": 0, "photo": "", "degrees": [9, 1], "message": "Out of Country.", "conditions": [], "email": null}, "model": "practitioner.practitioner", "pk": 5}, {"fields": {"achievements": "", "status": true, "name": "Dr. Syed S. Hasnain", "fellowship": [], "review_rating": "0.00", "gender": "M", "modified": "2015-06-28T11:31:34.711Z", "recommendation": 0, "education_marks": 0, "specialty": 2, "experience": 20, "slug": "dr-syed-s-hasnain", "procedures": [], "physician_type": "2", "year_of_birth": 1963, "not_recommended": 0, "photo": "", "degrees": [1, 8, 2], "message": "available", "conditions": [], "email": "anrana744@gmail.com"}, "model": "practitioner.practitioner", "pk": 18}, {"fields": {"achievements": "", "status": true, "name": "Dr. Muhammad Nazir", "fellowship": [], "review_rating": "0.00", "gender": "M", "modified": "2015-06-28T11:31:02.599Z", "recommendation": 0, "education_marks": 0, "specialty": 17, "experience": 10, "slug": "muhammad-nazir", "procedures": [], "physician_type": null, "year_of_birth": 0, "not_recommended": 0, "photo": "", "degrees": [7, 1, 2], "message": "available", "conditions": [], "email": null}, "model": "practitioner.practitioner", "pk": 19}]