[{
    "fields": {
        "human_name": "Child Specialist",
        "SEO_name": "Child Specialist",
        "name": "Pediatricians",
        "slug": "pediatrics"
    },
    "model": "practitioner.specialization",
    "pk": 1
}, {
    "fields": {
        "human_name": "Digestive Disorder. (Gastroenterology)",
        "SEO_name": "Gastroenterologists",
        "name": "Gastroenterologists",
        "slug": "gastroenterology"
    },
    "model": "practitioner.specialization",
    "pk": 2
}, {
    "fields": {
        "human_name": "Diabetes",
        "SEO_name": "Diabetologists",
        "name": "Diabetologists",
        "slug": "endocrinology"
    },
    "model": "practitioner.specialization",
    "pk": 3
}, {
    "fields": {
        "human_name": "Psychiatrist",
        "SEO_name": "Psychiatrist",
        "name": "Psychiatrists",
        "slug": "psychiatry"
    },
    "model": "practitioner.specialization",
    "pk": 5
}, {
    "fields": {
        "human_name": "Nervous System Disorder. (Neurology)",
        "SEO_name": "Neurologist",
        "name": "Neurologists",
        "slug": "neurology"
    },
    "model": "practitioner.specialization",
    "pk": 6
}, {
    "fields": {
        "human_name": "Eye Specialist",
        "SEO_name": "Ophthalmologist",
        "name": "Eye Surgeons",
        "slug": "ophthalmology"
    },
    "model": "practitioner.specialization",
    "pk": 7
}, {
    "fields": {
        "human_name": "ENT (Ear Nose & Throat)",
        "SEO_name": "ENT Specialist",
        "name": "ENT Specialists",
        "slug": "oto-rhino-laryngology"
    },
    "model": "practitioner.specialization",
    "pk": 8
}, {
    "fields": {
        "human_name": "Orthopaedics (Musculoskeletal System)",
        "SEO_name": "Orthopedic Surgeons",
        "name": "Orthopedic Surgeons",
        "slug": "orthopaedic-surgery"
    },
    "model": "practitioner.specialization",
    "pk": 9
}, {
    "fields": {
        "human_name": "Family Physician",
        "SEO_name": "General Physicians",
        "name": "Family Medicine",
        "slug": "family-medicine"
    },
    "model": "practitioner.specialization",
    "pk": 10
}, {
    "fields": {
        "human_name": "Skin Specialist",
        "SEO_name": "Dermatologist",
        "name": "Dermatology",
        "slug": "dermatology"
    },
    "model": "practitioner.specialization",
    "pk": 11
}, {
    "fields": {
        "human_name": "Gyne. (Gynecologist)",
        "SEO_name": "Gynecologists",
        "name": "Gynecologists",
        "slug": "obstetrics-and-gynecology"
    },
    "model": "practitioner.specialization",
    "pk": 12
}, {
    "fields": {
        "human_name": "Kidneys. (Nephrologist)",
        "SEO_name": "Nephrologists",
        "name": "Nephrologists",
        "slug": "nephrology"
    },
    "model": "practitioner.specialization",
    "pk": 13
}, {
    "fields": {
        "human_name": "Heart Specialist. (Cardiologist)",
        "SEO_name": "Cardiologists",
        "name": "Cardiologists",
        "slug": "cardiology"
    },
    "model": "practitioner.specialization",
    "pk": 14
}, {
    "fields": {
        "human_name": "Allergy and Immune System",
        "SEO_name": "Allergy Doctor",
        "name": "Allergy and Immunology",
        "slug": "allergy-and-immunology"
    },
    "model": "practitioner.specialization",
    "pk": 15
}, {
    "fields": {
        "human_name": "Lungs. (Pulmonologist)",
        "SEO_name": "Pulmonologist",
        "name": "Pulmonology",
        "slug": "pulmonology"
    },
    "model": "practitioner.specialization",
    "pk": 16
}, {
    "fields": {
        "human_name": "Urologist. (Urinary Tract System)",
        "SEO_name": "Urologist",
        "name": "Urologists",
        "slug": "urology"
    },
    "model": "practitioner.specialization",
    "pk": 17
}, {
    "fields": {
        "human_name": "Radiologist",
        "SEO_name": "Radiologist",
        "name": "Radiology",
        "slug": "radiology"
    },
    "model": "practitioner.specialization",
    "pk": 18
}, {
    "fields": {
        "human_name": "Cancer Specialists",
        "SEO_name": "Cancer Specialists",
        "name": "Cancer Specialists",
        "slug": "cancer-specialists"
    },
    "model": "practitioner.specialization",
    "pk": 19
}, {
    "fields": {
        "human_name": "Cardiac Surgeons",
        "SEO_name": "Cardiac Surgeons",
        "name": "Cardiac Surgeons",
        "slug": "cardiac-surgeons"
    },
    "model": "practitioner.specialization",
    "pk": 20
}, {
    "fields": {
        "human_name": "Chest Specialists",
        "SEO_name": "Chest Specialists",
        "name": "Chest Specialists",
        "slug": "chest-specialists"
    },
    "model": "practitioner.specialization",
    "pk": 21
}, {
    "fields": {
        "human_name": "Dermatologists",
        "SEO_name": "Dermatologists",
        "name": "Dermatologists",
        "slug": "dermatologists"
    },
    "model": "practitioner.specialization",
    "pk": 22
}, {
    "fields": {
        "human_name": "General Physicians",
        "SEO_name": "General Physicians",
        "name": "General Physicians",
        "slug": "general-physicians"
    },
    "model": "practitioner.specialization",
    "pk": 23
}, {
    "fields": {
        "human_name": "General Surgeons",
        "SEO_name": "General Surgeons",
        "name": "General Surgeons",
        "slug": "general-surgeons"
    },
    "model": "practitioner.specialization",
    "pk": 24
}, {
    "fields": {
        "human_name": "Hepatologists",
        "SEO_name": "Hepatologists",
        "name": "Hepatologists",
        "slug": "hepatologists"
    },
    "model": "practitioner.specialization",
    "pk": 25
}, {
    "fields": {
        "human_name": "Neurosurgeons",
        "SEO_name": "Neurosurgeons",
        "name": "Neurosurgeons",
        "slug": "neurosurgeons"
    },
    "model": "practitioner.specialization",
    "pk": 26
}, {
    "fields": {
        "human_name": "Pediatric Surgeons",
        "SEO_name": "Pediatric Surgeons",
        "name": "Pediatric Surgeons",
        "slug": "pediatric-surgeons"
    },
    "model": "practitioner.specialization",
    "pk": 27
}, {
    "fields": {
        "human_name": "Physiotherapists",
        "SEO_name": "Physiotherapists",
        "name": "Physiotherapists",
        "slug": "physiotherapists"
    },
    "model": "practitioner.specialization",
    "pk": 28
}, {
    "fields": {
        "human_name": "Plastic & Aesthetic Surgeons",
        "SEO_name": "Plastic & Aesthetic Surgeons",
        "name": "Plastic & Aesthetic Surgeons",
        "slug": "plastic-aesthetic-surgeons"
    },
    "model": "practitioner.specialization",
    "pk": 29
}, {
    "fields": {
        "description": "This is the primary qualitfication required for a doctor.",
        "points": 5,
        "name": "MBBS",
        "color_code": "#FFB80B"
    },
    "model": "practitioner.degree",
    "pk": 1
}, {
    "fields": {
        "description": "This is the primary qualitfication required for a doctor.",
        "points": 5,
        "name": "MD",
        "color_code": "#FFB80B"
    },
    "model": "practitioner.degree",
    "pk": 2
}, {
    "fields": {
        "description": "UK, Europe",
        "points": 5,
        "name": "FRCS",
        "color_code": "#FFB708"
    },
    "model": "practitioner.degree",
    "pk": 3
}, {
    "fields": {
        "description": "UK, Europe",
        "points": 5,
        "name": "FRCP",
        "color_code": "#FFB708"
    },
    "model": "practitioner.degree",
    "pk": 4
}, {
    "fields": {
        "description": "UK, Europe",
        "points": 5,
        "name": "MRCS",
        "color_code": "#FFB708"
    },
    "model": "practitioner.degree",
    "pk": 5
}, {
    "fields": {
        "description": "UK, Europe",
        "points": 5,
        "name": "MRCP",
        "color_code": "#FFB708"
    },
    "model": "practitioner.degree",
    "pk": 6
}, {
    "fields": {
        "description": "Pakistan",
        "points": 5,
        "name": "FCPS",
        "color_code": "#008585"
    },
    "model": "practitioner.degree",
    "pk": 7
}, {
    "fields": {
        "description": "Pakistan",
        "points": 5,
        "name": "MCPS",
        "color_code": "#008585"
    },
    "model": "practitioner.degree",
    "pk": 8
}, {
    "fields": {
        "description": "American",
        "points": 10,
        "name": "DAB (Diplomate American Board)",
        "color_code": "#5ACF66"
    },
    "model": "practitioner.degree",
    "pk": 9
}, {
    "fields": {
        "achievements": "Dr. Muhammad Anwar the renowned and best Child Specialist in Lahore having a experience of over 20 years in this field and he is still serving the Children.",
        "status": true,
        "name": "Mohammad Anwar",
        "title": 1,
        "gender": "M",
        "modified": "2015-04-03T18:51:54.801Z",
        "recommendation": 0,
        "specialities": [1],
        "education_marks": 0,
        "experience": 20,
        "slug": "dr-mohammad-anwar",
        "physician_type": 2,
        "year_of_birth": 0,
        "not_recommended": 0,
        "photo": "",
        "degrees": [1, 9],
        "message": "",
        "email": null
    },
    "model": "practitioner.practitioner",
    "pk": 1
}, {
    "fields": {
        "achievements": "",
        "status": true,
        "name": "Tahir Masood Ahmad",
        "title": 2,
        "gender": "M",
        "modified": "2015-04-03T18:52:36.398Z",
        "recommendation": 0,
        "specialities": [1],
        "education_marks": 0,
        "experience": 15,
        "slug": "prof-tahir-masood-ahmad",
        "physician_type": 2,
        "year_of_birth": 0,
        "not_recommended": 0,
        "photo": "",
        "degrees": [1, 2, 7, 8],
        "message": "",
        "email": null
    },
    "model": "practitioner.practitioner",
    "pk": 2
}, {
    "fields": {
        "achievements": "He is serving as Dean at The Children's Hospital/Institute of Child health.",
        "status": true,
        "name": "Masood Sadiq",
        "title": 1,
        "gender": "M",
        "modified": "2015-04-03T18:49:18.428Z",
        "recommendation": 0,
        "specialities": [1],
        "education_marks": 0,
        "experience": 10,
        "slug": "dr-masood-sadiq",
        "physician_type": 2,
        "year_of_birth": 0,
        "not_recommended": 0,
        "photo": "",
        "degrees": [1, 4, 6],
        "message": "",
        "email": null
    },
    "model": "practitioner.practitioner",
    "pk": 3
}, {
    "fields": {
        "achievements": "Presented scientific papers at National and international meetings in USA. During research in USA, in 1989, discovered a new phosphate binder - calcium acetate - that is being used all over the world including America as the best medicine to reduce phosphate absorption from intestine in chronic renal failure patients.",
        "status": true,
        "name": "Mudassir S. Sheikh",
        "title": 1,
        "gender": "M",
        "modified": "2015-04-03T18:57:27.706Z",
        "recommendation": 0,
        "specialities": [2],
        "education_marks": 0,
        "experience": 23,
        "slug": "dr-mudassir-s-sheikh",
        "physician_type": 2,
        "year_of_birth": 0,
        "not_recommended": 0,
        "photo": "",
        "degrees": [2, 9],
        "message": "",
        "email": null
    },
    "model": "practitioner.practitioner",
    "pk": 4
}, {
    "fields": {
        "achievements": "",
        "status": true,
        "name": "Arif Qayyum Khan",
        "title": 3,
        "gender": "M",
        "modified": "2015-04-03T18:48:09.918Z",
        "recommendation": 0,
        "specialities": [2],
        "education_marks": 0,
        "experience": 10,
        "slug": "prof-dr-arif-qayyum-khan",
        "physician_type": 2,
        "year_of_birth": 0,
        "not_recommended": 0,
        "photo": "",
        "degrees": [1, 9],
        "message": "Out of Country.",
        "email": null
    },
    "model": "practitioner.practitioner",
    "pk": 5
}, {
    "fields": {
        "achievements": "",
        "status": true,
        "name": "Syed S. Hasnain",
        "title": 1,
        "gender": "M",
        "modified": "2015-04-03T18:47:01.909Z",
        "recommendation": 0,
        "specialities": [2],
        "education_marks": 0,
        "experience": 20,
        "slug": "dr-syed-s-hasnain",
        "physician_type": 2,
        "year_of_birth": 1963,
        "not_recommended": 0,
        "photo": "",
        "degrees": [1, 2, 8],
        "message": "available",
        "email": "anrana744@gmail.com"
    },
    "model": "practitioner.practitioner",
    "pk": 18
}, {
    "fields": {
        "achievements": "",
        "status": true,
        "name": "Muhammad Nazir",
        "title": 1,
        "gender": "M",
        "modified": "2015-04-03T18:45:09.409Z",
        "recommendation": 0,
        "specialities": [17],
        "education_marks": 0,
        "experience": 10,
        "slug": "muhammad-nazir",
        "physician_type": null,
        "year_of_birth": 0,
        "not_recommended": 0,
        "photo": "",
        "degrees": [1, 2, 7],
        "message": "available",
        "email": null
    },
    "model": "practitioner.practitioner",
    "pk": 19
}]
