[{
    "fields": {
        "name": "Lahore",
        "slug": "lahore"
    },
    "model": "practice.city",
    "pk": 1
}, {
    "fields": {
        "amount": 500
    },
    "model": "practice.checkupfee",
    "pk": 2
}, {
    "fields": {
        "amount": 800
    },
    "model": "practice.checkupfee",
    "pk": 3
}, {
    "fields": {
        "amount": 1000
    },
    "model": "practice.checkupfee",
    "pk": 4
}, {
    "fields": {
        "amount": 1200
    },
    "model": "practice.checkupfee",
    "pk": 5
}, {
    "fields": {
        "amount": 1500
    },
    "model": "practice.checkupfee",
    "pk": 6
}, {
    "fields": {
        "amount": 2000
    },
    "model": "practice.checkupfee",
    "pk": 7
}, {
    "fields": {
        "amount": 2500
    },
    "model": "practice.checkupfee",
    "pk": 8
}, {
    "fields": {
        "amount": 3000
    },
    "model": "practice.checkupfee",
    "pk": 9
}, {
    "fields": {
        "city": 1,
        "contact_number": "04235863008",
        "name": "Dr. Mohammad Anwar's Private Clinic",
        "photo": "",
        "lon": 31.5048678,
        "clinic_address": "56-G, Gulberg III",
        "lat": 74.3393576,
        "slug": "dr-mohammad-anwars-private-clinic"
    },
    "model": "practice.practicelocation",
    "pk": 1
}, {
    "fields": {
        "city": 1,
        "contact_number": "04235869567",
        "name": "Prof. Tahir Masood Ahmed Private Clininc",
        "photo": "",
        "lon": 31.4956102,
        "clinic_address": "18-C, Model Town.",
        "lat": 74.3306571,
        "slug": "prof-tahir-masood-ahmed-private-clininc"
    },
    "model": "practice.practicelocation",
    "pk": 2
}, {
    "fields": {
        "city": 1,
        "contact_number": "04235201918",
        "name": "Dr. Masood Sadiq Private Clinic",
        "photo": "",
        "lon": 31.481998,
        "clinic_address": "Maulana Shaukat Ali Rd, Faisal Town.",
        "lat": 74.298233,
        "slug": "dr-masood-sadiq-private-clinic"
    },
    "model": "practice.practicelocation",
    "pk": 3
}, {
    "fields": {
        "city": 1,
        "contact_number": "03014445445",
        "name": "Digestive Disease Center",
        "photo": "",
        "lon": 31.502684,
        "clinic_address": "6-C (West) H-Block, Gulberg III.",
        "lat": 74.343468,
        "slug": "digestive-disease-center"
    },
    "model": "practice.practicelocation",
    "pk": 4
}, {
    "fields": {
        "city": 1,
        "contact_number": "042111171819",
        "name": "National Hospital & Medical Center, Defence",
        "photo": "",
        "lon": 31.4842,
        "clinic_address": "132/3, L-Block, Near Sports Stadium D.H.A. Lahore Cantt.",
        "lat": 74.397324,
        "slug": "national-hospital-medical-center-defence"
    },
    "model": "practice.practicelocation",
    "pk": 5
}, {
    "fields": {
        "city": 1,
        "contact_number": "03008446404, 04235716667, 04235716668",
        "name": "Advance Gastrology & Liver Centre",
        "photo": "",
        "lon": 31.53492,
        "clinic_address": "10-Jail Road Gulberg 5",
        "lat": 74.34311,
        "slug": "advance-gastrology-liver-centre"
    },
    "model": "practice.practicelocation",
    "pk": 6
}, {
    "fields": {
        "city": 1,
        "contact_number": "04235759131 03008168955",
        "name": "Dr. Syed S. Hasnain Private Clinic",
        "photo": "",
        "lon": 31.5546061,
        "clinic_address": "136-B/E1, Hali Road, Gulberg III",
        "lat": 74.3571581,
        "slug": "dr-syed-s-hasnain-private-clinic"
    },
    "model": "practice.practicelocation",
    "pk": 19
}, {
    "fields": {
        "city": 1,
        "contact_number": "04236662921 04236662931",
        "name": "Dr. Muhammad Nazir Private Clinic",
        "photo": "",
        "lon": 31.490678,
        "clinic_address": "Shareef Market Bus Stop, Walton Cantt.",
        "lat": 74.369847,
        "slug": "dr-muhammad-nazir-private-clinic"
    },
    "model": "practice.practicelocation",
    "pk": 20
}, {
    "fields": {
        "fee": 6,
        "practitioner": 1,
        "practice_location": 1,
        "practice_type": "P",
        "modified": "2014-11-25T12:45:23.703Z",
        "location": "POINT (31.5048677999999995 74.3393575999999996)",
        "services": "Pediatrics Diagnosis Only.",
        "appointments_only": true
    },
    "model": "practice.practice",
    "pk": 1
}, {
    "fields": {
        "fee": 6,
        "practitioner": 2,
        "practice_location": 2,
        "practice_type": "P",
        "modified": "2014-11-25T13:03:06.884Z",
        "location": "POINT (31.4956102000000016 74.3306570999999963)",
        "services": "Pediatrics Diagnosis Only.",
        "appointments_only": true
    },
    "model": "practice.practice",
    "pk": 2
}, {
    "fields": {
        "fee": 6,
        "practitioner": 3,
        "practice_location": 3,
        "practice_type": "P",
        "modified": "2015-01-21T09:19:48.121Z",
        "location": "POINT (31.4819980000000008 74.2982329999999962)",
        "services": "Echo Charges: 2500rs, Without Echo: 1500rs.",
        "appointments_only": true
    },
    "model": "practice.practice",
    "pk": 3
}, {
    "fields": {
        "fee": 6,
        "practitioner": 4,
        "practice_location": 4,
        "practice_type": "P",
        "modified": "2014-11-25T13:54:18.299Z",
        "location": "POINT (31.5026839999999986 74.3434680000000014)",
        "services": "http://www.ddc-lahore.com/endo.htm",
        "appointments_only": true
    },
    "model": "practice.practice",
    "pk": 4
}, {
    "fields": {
        "fee": 7,
        "practitioner": 4,
        "practice_location": 5,
        "practice_type": "H",
        "modified": "2014-11-25T13:55:14.618Z",
        "location": "POINT (31.4842000000000013 74.3973239999999976)",
        "services": "Details on Call.",
        "appointments_only": true
    },
    "model": "practice.practice",
    "pk": 5
}, {
    "fields": {
        "fee": 7,
        "practitioner": 5,
        "practice_location": 6,
        "practice_type": "P",
        "modified": "2014-11-25T14:10:33.943Z",
        "location": "POINT (31.5349199999999996 74.3431099999999958)",
        "services": "He performs diagnostic and therapeutic G I Endoscopic procedures including therapeutic ERCP.",
        "appointments_only": true
    },
    "model": "practice.practice",
    "pk": 6
}, {
    "fields": {
        "fee": 7,
        "practitioner": 18,
        "practice_location": 19,
        "practice_type": "P",
        "modified": "2015-01-26T14:07:35.122Z",
        "location": "POINT (31.5546060999999938 74.3571581000000066)",
        "services": "",
        "appointments_only": true
    },
    "model": "practice.practice",
    "pk": 16
}, {
    "fields": {
        "fee": 3,
        "practitioner": 19,
        "practice_location": 20,
        "practice_type": "P",
        "modified": "2015-04-03T18:43:25.095Z",
        "location": "POINT (31.4906779999999991 74.3698469999999929)",
        "services": "",
        "appointments_only": true
    },
    "model": "practice.practice",
    "pk": 17
}, {
    "fields": {
        "start_time": "11:00:00",
        "practice": 1,
        "practitioner": 1,
        "day": "1",
        "end_time": "14:00:00"
    },
    "model": "practice.practicetiming",
    "pk": 1
}, {
    "fields": {
        "start_time": "18:00:00",
        "practice": 1,
        "practitioner": 1,
        "day": "1",
        "end_time": "21:00:00"
    },
    "model": "practice.practicetiming",
    "pk": 2
}, {
    "fields": {
        "start_time": "11:00:00",
        "practice": 1,
        "practitioner": 1,
        "day": "2",
        "end_time": "14:00:00"
    },
    "model": "practice.practicetiming",
    "pk": 3
}, {
    "fields": {
        "start_time": "11:00:00",
        "practice": 1,
        "practitioner": 1,
        "day": "3",
        "end_time": "14:00:00"
    },
    "model": "practice.practicetiming",
    "pk": 4
}, {
    "fields": {
        "start_time": "18:00:00",
        "practice": 1,
        "practitioner": 1,
        "day": "3",
        "end_time": "21:00:00"
    },
    "model": "practice.practicetiming",
    "pk": 5
}, {
    "fields": {
        "start_time": "11:00:00",
        "practice": 1,
        "practitioner": 1,
        "day": "5",
        "end_time": "14:00:00"
    },
    "model": "practice.practicetiming",
    "pk": 6
}, {
    "fields": {
        "start_time": "18:00:00",
        "practice": 1,
        "practitioner": 1,
        "day": "5",
        "end_time": "21:00:00"
    },
    "model": "practice.practicetiming",
    "pk": 7
}, {
    "fields": {
        "start_time": "11:00:00",
        "practice": 1,
        "practitioner": 1,
        "day": "6",
        "end_time": "14:00:00"
    },
    "model": "practice.practicetiming",
    "pk": 8
}, {
    "fields": {
        "start_time": "17:00:00",
        "practice": 2,
        "practitioner": 2,
        "day": "1",
        "end_time": "22:00:00"
    },
    "model": "practice.practicetiming",
    "pk": 9
}, {
    "fields": {
        "start_time": "17:00:00",
        "practice": 2,
        "practitioner": 2,
        "day": "2",
        "end_time": "21:00:00"
    },
    "model": "practice.practicetiming",
    "pk": 10
}, {
    "fields": {
        "start_time": "17:00:00",
        "practice": 2,
        "practitioner": 2,
        "day": "3",
        "end_time": "22:00:00"
    },
    "model": "practice.practicetiming",
    "pk": 11
}, {
    "fields": {
        "start_time": "17:00:00",
        "practice": 2,
        "practitioner": 2,
        "day": "4",
        "end_time": "22:00:00"
    },
    "model": "practice.practicetiming",
    "pk": 12
}, {
    "fields": {
        "start_time": "17:00:00",
        "practice": 2,
        "practitioner": 2,
        "day": "5",
        "end_time": "22:00:00"
    },
    "model": "practice.practicetiming",
    "pk": 13
}, {
    "fields": {
        "start_time": "17:00:00",
        "practice": 2,
        "practitioner": 2,
        "day": "6",
        "end_time": "22:00:00"
    },
    "model": "practice.practicetiming",
    "pk": 14
}, {
    "fields": {
        "start_time": "17:00:00",
        "practice": 3,
        "practitioner": 3,
        "day": "1",
        "end_time": "21:00:00"
    },
    "model": "practice.practicetiming",
    "pk": 15
}, {
    "fields": {
        "start_time": "17:00:00",
        "practice": 3,
        "practitioner": 3,
        "day": "2",
        "end_time": "21:00:00"
    },
    "model": "practice.practicetiming",
    "pk": 16
}, {
    "fields": {
        "start_time": "17:00:00",
        "practice": 3,
        "practitioner": 3,
        "day": "3",
        "end_time": "21:00:00"
    },
    "model": "practice.practicetiming",
    "pk": 17
}, {
    "fields": {
        "start_time": "17:00:00",
        "practice": 3,
        "practitioner": 3,
        "day": "4",
        "end_time": "21:00:00"
    },
    "model": "practice.practicetiming",
    "pk": 18
}, {
    "fields": {
        "start_time": "17:00:00",
        "practice": 3,
        "practitioner": 3,
        "day": "5",
        "end_time": "21:00:00"
    },
    "model": "practice.practicetiming",
    "pk": 19
}, {
    "fields": {
        "start_time": "17:00:00",
        "practice": 3,
        "practitioner": 3,
        "day": "6",
        "end_time": "21:00:00"
    },
    "model": "practice.practicetiming",
    "pk": 20
}, {
    "fields": {
        "start_time": "08:00:00",
        "practice": 4,
        "practitioner": 4,
        "day": "1",
        "end_time": "11:00:00"
    },
    "model": "practice.practicetiming",
    "pk": 21
}, {
    "fields": {
        "start_time": "20:00:00",
        "practice": 4,
        "practitioner": 4,
        "day": "1",
        "end_time": "22:00:00"
    },
    "model": "practice.practicetiming",
    "pk": 22
}, {
    "fields": {
        "start_time": "08:00:00",
        "practice": 4,
        "practitioner": 4,
        "day": "2",
        "end_time": "11:00:00"
    },
    "model": "practice.practicetiming",
    "pk": 23
}, {
    "fields": {
        "start_time": "08:00:00",
        "practice": 4,
        "practitioner": 4,
        "day": "3",
        "end_time": "11:00:00"
    },
    "model": "practice.practicetiming",
    "pk": 24
}, {
    "fields": {
        "start_time": "20:00:00",
        "practice": 4,
        "practitioner": 4,
        "day": "3",
        "end_time": "22:00:00"
    },
    "model": "practice.practicetiming",
    "pk": 25
}, {
    "fields": {
        "start_time": "08:00:00",
        "practice": 4,
        "practitioner": 4,
        "day": "4",
        "end_time": "11:00:00"
    },
    "model": "practice.practicetiming",
    "pk": 26
}, {
    "fields": {
        "start_time": "08:00:00",
        "practice": 4,
        "practitioner": 4,
        "day": "5",
        "end_time": "11:00:00"
    },
    "model": "practice.practicetiming",
    "pk": 27
}, {
    "fields": {
        "start_time": "11:30:00",
        "practice": 5,
        "practitioner": 4,
        "day": "1",
        "end_time": "13:00:00"
    },
    "model": "practice.practicetiming",
    "pk": 28
}, {
    "fields": {
        "start_time": "11:30:00",
        "practice": 5,
        "practitioner": 4,
        "day": "2",
        "end_time": "13:00:00"
    },
    "model": "practice.practicetiming",
    "pk": 29
}, {
    "fields": {
        "start_time": "11:30:00",
        "practice": 5,
        "practitioner": 4,
        "day": "3",
        "end_time": "13:00:00"
    },
    "model": "practice.practicetiming",
    "pk": 30
}, {
    "fields": {
        "start_time": "11:30:00",
        "practice": 5,
        "practitioner": 4,
        "day": "4",
        "end_time": "13:00:00"
    },
    "model": "practice.practicetiming",
    "pk": 31
}, {
    "fields": {
        "start_time": "11:30:00",
        "practice": 5,
        "practitioner": 4,
        "day": "5",
        "end_time": "13:00:00"
    },
    "model": "practice.practicetiming",
    "pk": 32
}, {
    "fields": {
        "start_time": "17:00:00",
        "practice": 6,
        "practitioner": 5,
        "day": "1",
        "end_time": "22:00:00"
    },
    "model": "practice.practicetiming",
    "pk": 33
}, {
    "fields": {
        "start_time": "17:00:00",
        "practice": 6,
        "practitioner": 5,
        "day": "2",
        "end_time": "22:00:00"
    },
    "model": "practice.practicetiming",
    "pk": 34
}, {
    "fields": {
        "start_time": "17:00:00",
        "practice": 6,
        "practitioner": 5,
        "day": "3",
        "end_time": "22:00:00"
    },
    "model": "practice.practicetiming",
    "pk": 35
}, {
    "fields": {
        "start_time": "17:00:00",
        "practice": 6,
        "practitioner": 5,
        "day": "4",
        "end_time": "22:00:00"
    },
    "model": "practice.practicetiming",
    "pk": 36
}, {
    "fields": {
        "start_time": "17:00:00",
        "practice": 6,
        "practitioner": 5,
        "day": "5",
        "end_time": "22:00:00"
    },
    "model": "practice.practicetiming",
    "pk": 37
}, {
    "fields": {
        "start_time": "17:00:00",
        "practice": 6,
        "practitioner": 5,
        "day": "6",
        "end_time": "22:00:00"
    },
    "model": "practice.practicetiming",
    "pk": 38
}, {
    "fields": {
        "start_time": "17:00:00",
        "practice": 16,
        "practitioner": 18,
        "day": "1",
        "end_time": "20:00:00"
    },
    "model": "practice.practicetiming",
    "pk": 69
}, {
    "fields": {
        "start_time": "17:00:00",
        "practice": 16,
        "practitioner": 18,
        "day": "2",
        "end_time": "20:00:00"
    },
    "model": "practice.practicetiming",
    "pk": 70
}, {
    "fields": {
        "start_time": "17:00:00",
        "practice": 16,
        "practitioner": 18,
        "day": "3",
        "end_time": "20:00:00"
    },
    "model": "practice.practicetiming",
    "pk": 71
}, {
    "fields": {
        "start_time": "17:00:00",
        "practice": 16,
        "practitioner": 18,
        "day": "4",
        "end_time": "20:00:00"
    },
    "model": "practice.practicetiming",
    "pk": 72
}, {
    "fields": {
        "start_time": "17:00:00",
        "practice": 16,
        "practitioner": 18,
        "day": "5",
        "end_time": "20:00:00"
    },
    "model": "practice.practicetiming",
    "pk": 73
}, {
    "fields": {
        "start_time": "19:30:00",
        "practice": 17,
        "practitioner": 19,
        "day": "1",
        "end_time": "22:00:00"
    },
    "model": "practice.practicetiming",
    "pk": 74
}, {
    "fields": {
        "start_time": "19:30:00",
        "practice": 17,
        "practitioner": 19,
        "day": "2",
        "end_time": "22:00:00"
    },
    "model": "practice.practicetiming",
    "pk": 75
}, {
    "fields": {
        "start_time": "19:30:00",
        "practice": 17,
        "practitioner": 19,
        "day": "3",
        "end_time": "22:00:00"
    },
    "model": "practice.practicetiming",
    "pk": 76
}, {
    "fields": {
        "start_time": "19:30:00",
        "practice": 17,
        "practitioner": 19,
        "day": "4",
        "end_time": "22:00:00"
    },
    "model": "practice.practicetiming",
    "pk": 77
}, {
    "fields": {
        "start_time": "19:30:00",
        "practice": 17,
        "practitioner": 19,
        "day": "5",
        "end_time": "22:00:00"
    },
    "model": "practice.practicetiming",
    "pk": 78
}, {
    "fields": {
        "city": 1,
        "speciality": 1,
        "hit_count": 170
    },
    "model": "practice.recentsearch",
    "pk": 1
}, {
    "fields": {
        "city": 1,
        "speciality": 2,
        "hit_count": 24
    },
    "model": "practice.recentsearch",
    "pk": 2
}, {
    "fields": {
        "city": 1,
        "speciality": 15,
        "hit_count": 3
    },
    "model": "practice.recentsearch",
    "pk": 3
}, {
    "fields": {
        "city": 1,
        "speciality": 17,
        "hit_count": 3
    },
    "model": "practice.recentsearch",
    "pk": 4
}]
