[{"fields": {"name": "Lahore", "slug": "lahore"}, "model": "practice.city", "pk": 1}, {"fields": {"name": "Faisalabad", "slug": "faisalabad"}, "model": "practice.city", "pk": 2}, {"fields": {"city": 1, "name": "Air Avenue", "slug": "air-avenue-lahore"}, "model": "practice.area", "pk": 1}, {"fields": {"city": 1, "name": "Allama Iqbal Town", "slug": "allama-iqbal-town-lahore"}, "model": "practice.area", "pk": 2}, {"fields": {"city": 1, "name": "DHA, Phase 1", "slug": "dha-phase-1-lahore"}, "model": "practice.area", "pk": 3}, {"fields": {"city": 1, "name": "Walton Road", "slug": "walton-road-lahore"}, "model": "practice.area", "pk": 6}, {"fields": {"city": 1, "name": "Faisal Town", "slug": "faisal-town-lahore"}, "model": "practice.area", "pk": 8}, {"fields": {"city": 1, "name": "Model Town Block C", "slug": "model-town-block-c-lahore"}, "model": "practice.area", "pk": 9}, {"fields": {"city": 1, "name": "Askari 08", "slug": "askari-08-lahore"}, "model": "practice.area", "pk": 12}, {"fields": {"city": 1, "name": "Askari 10", "slug": "askari-10-lahore"}, "model": "practice.area", "pk": 13}, {"fields": {"city": 1, "name": "Askari 11", "slug": "askari-11-lahore"}, "model": "practice.area", "pk": 14}, {"fields": {"city": 1, "name": "Azmir Town", "slug": "azmir-town-lahore"}, "model": "practice.area", "pk": 15}, {"fields": {"city": 1, "name": "Badian Road", "slug": "badian-road-lahore"}, "model": "practice.area", "pk": 16}, {"fields": {"city": 1, "name": "Bahria Town", "slug": "bahria-town-lahore"}, "model": "practice.area", "pk": 17}, {"fields": {"city": 1, "name": "Barki Road", "slug": "barki-road-lahore"}, "model": "practice.area", "pk": 18}, {"fields": {"city": 1, "name": "Canal Bank Society", "slug": "canal-bank-society-lahore"}, "model": "practice.area", "pk": 19}, {"fields": {"city": 1, "name": "Canal City", "slug": "canal-city-lahore"}, "model": "practice.area", "pk": 20}, {"fields": {"city": 1, "name": "Cantt", "slug": "cantt-lahore"}, "model": "practice.area", "pk": 21}, {"fields": {"city": 1, "name": "Cavalry Ground", "slug": "cavalry-ground-lahore"}, "model": "practice.area", "pk": 22}, {"fields": {"city": 1, "name": "DHA, Eden City", "slug": "dha-eden-city-lahore"}, "model": "practice.area", "pk": 23}, {"fields": {"city": 1, "name": "DHA, LUMS", "slug": "dha-lums-lahore"}, "model": "practice.area", "pk": 24}, {"fields": {"city": 1, "name": "DHA, Phase 2", "slug": "dha-phase-2-lahore"}, "model": "practice.area", "pk": 25}, {"fields": {"city": 1, "name": "DHA, Phase 3", "slug": "dha-phase-3-lahore"}, "model": "practice.area", "pk": 26}, {"fields": {"city": 1, "name": "DHA, Phase 4", "slug": "dha-phase-4-lahore"}, "model": "practice.area", "pk": 27}, {"fields": {"city": 1, "name": "DHA, Phase 5", "slug": "dha-phase-5-lahore"}, "model": "practice.area", "pk": 28}, {"fields": {"city": 1, "name": "DHA, Phase 6", "slug": "dha-phase-6-lahore"}, "model": "practice.area", "pk": 29}, {"fields": {"city": 1, "name": "DHA, Phase 7", "slug": "dha-phase-7-lahore"}, "model": "practice.area", "pk": 31}, {"fields": {"city": 1, "name": "DHA, Phase 8", "slug": "dha-phase-8-lahore"}, "model": "practice.area", "pk": 32}, {"fields": {"city": 1, "name": "DHA, Punjab Society", "slug": "dha-punjab-society-lahore"}, "model": "practice.area", "pk": 33}, {"fields": {"city": 1, "name": "DHA, Rehman Garden", "slug": "dha-rehman-garden-lahore"}, "model": "practice.area", "pk": 34}, {"fields": {"city": 1, "name": "Doctors Society", "slug": "doctors-society-lahore"}, "model": "practice.area", "pk": 35}, {"fields": {"city": 1, "name": "Eden Avenue", "slug": "eden-avenue-lahore"}, "model": "practice.area", "pk": 36}, {"fields": {"city": 1, "name": "Eden Villas", "slug": "eden-villas-lahore"}, "model": "practice.area", "pk": 37}, {"fields": {"city": 1, "name": "EME", "slug": "eme-lahore"}, "model": "practice.area", "pk": 38}, {"fields": {"city": 1, "name": "Garden Town", "slug": "garden-town-lahore"}, "model": "practice.area", "pk": 40}, {"fields": {"city": 1, "name": "Garhi Shahu", "slug": "garhi-shahu-lahore"}, "model": "practice.area", "pk": 41}, {"fields": {"city": 1, "name": "Ghazi Road", "slug": "ghazi-road-lahore"}, "model": "practice.area", "pk": 42}, {"fields": {"city": 1, "name": "Green Fort", "slug": "green-fort-lahore"}, "model": "practice.area", "pk": 43}, {"fields": {"city": 1, "name": "Gulberg I", "slug": "gulberg-i-lahore"}, "model": "practice.area", "pk": 44}, {"fields": {"city": 1, "name": "Gulberg II", "slug": "gulberg-ii-lahore"}, "model": "practice.area", "pk": 45}, {"fields": {"city": 1, "name": "Gulberg III", "slug": "gulberg-iii-lahore"}, "model": "practice.area", "pk": 46}, {"fields": {"city": 1, "name": "Gulberg IV", "slug": "gulberg-iv-lahore"}, "model": "practice.area", "pk": 47}, {"fields": {"city": 1, "name": "Gulberg V", "slug": "gulberg-v-lahore"}, "model": "practice.area", "pk": 48}, {"fields": {"city": 1, "name": "Guldasht Town", "slug": "guldasht-town-lahore"}, "model": "practice.area", "pk": 49}, {"fields": {"city": 1, "name": "Gulshan-e-Ahbab", "slug": "gulshan-e-ahbab-lahore"}, "model": "practice.area", "pk": 50}, {"fields": {"city": 1, "name": "Gulshan-e-Ravi", "slug": "gulshan-e-ravi-lahore"}, "model": "practice.area", "pk": 51}, {"fields": {"city": 1, "name": "Iqbal Town", "slug": "iqbal-town-lahore"}, "model": "practice.area", "pk": 52}, {"fields": {"city": 1, "name": "Islampura", "slug": "islampura-lahore"}, "model": "practice.area", "pk": 53}, {"fields": {"city": 1, "name": "Jail Road", "slug": "jail-road-lahore"}, "model": "practice.area", "pk": 54}, {"fields": {"city": 1, "name": "Johar Town Block A", "slug": "johar-town-block-a-lahore"}, "model": "practice.area", "pk": 55}, {"fields": {"city": 1, "name": "Johar Town Block B", "slug": "johar-town-block-b-lahore"}, "model": "practice.area", "pk": 56}, {"fields": {"city": 1, "name": "Johar Town Block C", "slug": "johar-town-block-c-lahore"}, "model": "practice.area", "pk": 57}, {"fields": {"city": 1, "name": "Johar Town Block D", "slug": "johar-town-block-d-lahore"}, "model": "practice.area", "pk": 58}, {"fields": {"city": 1, "name": "Johar Town Block E", "slug": "johar-town-block-e-lahore"}, "model": "practice.area", "pk": 59}, {"fields": {"city": 1, "name": "Johar Town Block F", "slug": "johar-town-block-f-lahore"}, "model": "practice.area", "pk": 60}, {"fields": {"city": 1, "name": "Johar Town Block G1", "slug": "johar-town-block-g1-lahore"}, "model": "practice.area", "pk": 61}, {"fields": {"city": 1, "name": "Johar Town Block H", "slug": "johar-town-block-h-lahore"}, "model": "practice.area", "pk": 62}, {"fields": {"city": 1, "name": "Johar Town Block J", "slug": "johar-town-block-j-lahore"}, "model": "practice.area", "pk": 63}, {"fields": {"city": 1, "name": "Johar Town Block R", "slug": "johar-town-block-r-lahore"}, "model": "practice.area", "pk": 64}, {"fields": {"city": 1, "name": "Johar Town, Alpha Society", "slug": "johar-town-alpha-society-lahore"}, "model": "practice.area", "pk": 65}, {"fields": {"city": 1, "name": "Johar Town, BOR Society", "slug": "johar-town-bor-society-lahore"}, "model": "practice.area", "pk": 66}, {"fields": {"city": 1, "name": "Johar Town, Revenue Society", "slug": "johar-town-revenue-society-lahore"}, "model": "practice.area", "pk": 67}, {"fields": {"city": 1, "name": "Johar Town, UMT", "slug": "johar-town-umt-lahore"}, "model": "practice.area", "pk": 68}, {"fields": {"city": 1, "name": "Johar Town, Wafaqi Colony", "slug": "johar-town-wafaqi-colony-lahore"}, "model": "practice.area", "pk": 69}, {"fields": {"city": 1, "name": "Jubilee Town", "slug": "jubilee-town-lahore"}, "model": "practice.area", "pk": 70}, {"fields": {"city": 1, "name": "Judical Phase 3", "slug": "judical-phase-3-lahore"}, "model": "practice.area", "pk": 71}, {"fields": {"city": 1, "name": "Krishan Nagar", "slug": "krishan-nagar-lahore"}, "model": "practice.area", "pk": 72}, {"fields": {"city": 1, "name": "Lahore Railway", "slug": "lahore-railway-lahore"}, "model": "practice.area", "pk": 73}, {"fields": {"city": 1, "name": "Lahore University Road", "slug": "lahore-university-road-lahore"}, "model": "practice.area", "pk": 74}, {"fields": {"city": 1, "name": "Lawrence Road", "slug": "lawrence-road-lahore"}, "model": "practice.area", "pk": 75}, {"fields": {"city": 1, "name": "Liberty Market", "slug": "liberty-market-lahore"}, "model": "practice.area", "pk": 76}, {"fields": {"city": 1, "name": "Mazang", "slug": "mazang-lahore"}, "model": "practice.area", "pk": 77}, {"fields": {"city": 1, "name": "Model Town Block A", "slug": "model-town-block-a-lahore"}, "model": "practice.area", "pk": 78}, {"fields": {"city": 1, "name": "Model Town Block B", "slug": "model-town-block-b-lahore"}, "model": "practice.area", "pk": 79}, {"fields": {"city": 1, "name": "Model Town Block D", "slug": "model-town-block-d-lahore"}, "model": "practice.area", "pk": 80}, {"fields": {"city": 1, "name": "Model Town Block E", "slug": "model-town-block-e-lahore"}, "model": "practice.area", "pk": 81}, {"fields": {"city": 1, "name": "Model Town Block F", "slug": "model-town-block-f-lahore"}, "model": "practice.area", "pk": 82}, {"fields": {"city": 1, "name": "Model Town Block J", "slug": "model-town-block-j-lahore"}, "model": "practice.area", "pk": 83}, {"fields": {"city": 1, "name": "Model Town Block K", "slug": "model-town-block-k-lahore"}, "model": "practice.area", "pk": 84}, {"fields": {"city": 1, "name": "Mughal Pura", "slug": "mughal-pura-lahore"}, "model": "practice.area", "pk": 85}, {"fields": {"city": 1, "name": "Muhafiz Town", "slug": "muhafiz-town-lahore"}, "model": "practice.area", "pk": 86}, {"fields": {"city": 1, "name": "Muslim town", "slug": "muslim-town-lahore"}, "model": "practice.area", "pk": 87}, {"fields": {"city": 1, "name": "PASCO", "slug": "pasco-lahore"}, "model": "practice.area", "pk": 88}, {"fields": {"city": 1, "name": "PCSIR", "slug": "pcsir-lahore"}, "model": "practice.area", "pk": 89}, {"fields": {"city": 1, "name": "Peragon City", "slug": "peragon-city-lahore"}, "model": "practice.area", "pk": 90}, {"fields": {"city": 1, "name": "PIA society", "slug": "pia-society-lahore"}, "model": "practice.area", "pk": 91}, {"fields": {"city": 1, "name": "Queens Road", "slug": "queens-road-lahore"}, "model": "practice.area", "pk": 92}, {"fields": {"city": 1, "name": "Rajput Town", "slug": "rajput-town-lahore"}, "model": "practice.area", "pk": 93}, {"fields": {"city": 1, "name": "Saddar", "slug": "saddar-lahore"}, "model": "practice.area", "pk": 94}, {"fields": {"city": 1, "name": "Samanabad", "slug": "samanabad-lahore"}, "model": "practice.area", "pk": 95}, {"fields": {"city": 1, "name": "Scheme 1", "slug": "scheme-1-lahore"}, "model": "practice.area", "pk": 96}, {"fields": {"city": 1, "name": "Shadbagh", "slug": "shadbagh-lahore"}, "model": "practice.area", "pk": 97}, {"fields": {"city": 1, "name": "Shadman", "slug": "shadman-lahore"}, "model": "practice.area", "pk": 98}, {"fields": {"city": 1, "name": "Shah Jamal", "slug": "shah-jamal-lahore"}, "model": "practice.area", "pk": 99}, {"fields": {"city": 1, "name": "Tech Society", "slug": "tech-society-lahore"}, "model": "practice.area", "pk": 100}, {"fields": {"city": 1, "name": "Thokar Niaz Baig", "slug": "thokar-niaz-baig-lahore"}, "model": "practice.area", "pk": 101}, {"fields": {"city": 1, "name": "Township", "slug": "township-lahore"}, "model": "practice.area", "pk": 102}, {"fields": {"city": 1, "name": "Valencia Town", "slug": "valencia-town-lahore"}, "model": "practice.area", "pk": 103}, {"fields": {"city": 1, "name": "Wahdat Road", "slug": "wahdat-road-lahore"}, "model": "practice.area", "pk": 104}, {"fields": {"city": 1, "name": "Valencia Town", "slug": "valencia-town-lahore-2"}, "model": "practice.area", "pk": 105}, {"fields": {"city": 1, "name": "Wapda Town", "slug": "wapda-town-lahore"}, "model": "practice.area", "pk": 106}, {"fields": {"city": 1, "name": "Nishtar Block, Allama Iqbal Town", "slug": "nishtar-block-allama-iqbal-town-lahore"}, "model": "practice.area", "pk": 107}, {"fields": {"city": 1, "name": "Kamran Block, Allama Iqbal Town", "slug": "kamran-block-allama-iqbal-town-lahore"}, "model": "practice.area", "pk": 108}, {"fields": {"city": 1, "name": "Mehran Block, Allama Iqbal Town", "slug": "mehran-block-allama-iqbal-town-lahore"}, "model": "practice.area", "pk": 109}, {"fields": {"city": 1, "name": "Umer Block, Allama Iqbal Town", "slug": "umer-block-allama-iqbal-town-lahore"}, "model": "practice.area", "pk": 110}, {"fields": {"city": 1, "name": "Hunza Block, Allama Iqbal Town", "slug": "hunza-block-allama-iqbal-town-lahore"}, "model": "practice.area", "pk": 111}, {"fields": {"city": 1, "name": "Asif Block, Allama Iqbal Town", "slug": "asif-block-allama-iqbal-town-lahore"}, "model": "practice.area", "pk": 112}, {"fields": {"city": 1, "name": "Pak Block, Allama Iqbal Town", "slug": "pak-block-allama-iqbal-town-lahore"}, "model": "practice.area", "pk": 113}, {"fields": {"city": 1, "name": "Chenab Block, Allama Iqbal Town", "slug": "chenab-block-allama-iqbal-town-lahore"}, "model": "practice.area", "pk": 114}, {"fields": {"city": 1, "name": "Neelam Block, Allama Iqbal Town", "slug": "neelam-block-allama-iqbal-town-lahore"}, "model": "practice.area", "pk": 115}, {"fields": {"city": 1, "name": "Sutlej Block, Allama Iqbal Town", "slug": "sutlej-block-allama-iqbal-town-lahore"}, "model": "practice.area", "pk": 116}, {"fields": {"city": 1, "name": "Jahanzeb Block, Allama Iqbal Town", "slug": "jahanzeb-block-allama-iqbal-town-lahore"}, "model": "practice.area", "pk": 117}, {"fields": {"city": 1, "name": "Dholanwal", "slug": "dholanwal-lahore"}, "model": "practice.area", "pk": 118}, {"fields": {"city": 1, "name": "Ittehad Colony, Allama Iqbal Town", "slug": "ittehad-colony-allama-iqbal-town-lahore"}, "model": "practice.area", "pk": 119}, {"fields": {"city": 1, "name": "Muslim Block, Allama Iqbal Town", "slug": "muslim-block-allama-iqbal-town-lahore"}, "model": "practice.area", "pk": 120}, {"fields": {"city": 1, "name": "Huma Block, Allama Iqbal Town", "slug": "huma-block-allama-iqbal-town-lahore"}, "model": "practice.area", "pk": 121}, {"fields": {"city": 1, "name": "Zeenat Block, Allama Iqbal Town", "slug": "zeenat-block-allama-iqbal-town-lahore"}, "model": "practice.area", "pk": 122}, {"fields": {"city": 1, "name": "Badar Block, Allama Iqbal Town", "slug": "badar-block-allama-iqbal-town-lahore"}, "model": "practice.area", "pk": 123}, {"fields": {"city": 1, "name": "Nargis Block, Allama Iqbal Town", "slug": "nargis-block-allama-iqbal-town-lahore"}, "model": "practice.area", "pk": 124}, {"fields": {"city": 1, "name": "Ravi Block, Allama Iqbal Town", "slug": "ravi-block-allama-iqbal-town-lahore"}, "model": "practice.area", "pk": 125}, {"fields": {"city": 1, "name": "Jail Road", "slug": "jail-road-lahore-2"}, "model": "practice.area", "pk": 126}, {"fields": {"amount": 2500}, "model": "practice.checkupfee", "pk": 1}, {"fields": {"amount": 800}, "model": "practice.checkupfee", "pk": 2}, {"fields": {"amount": 2000}, "model": "practice.checkupfee", "pk": 3}, {"fields": {"amount": 1500}, "model": "practice.checkupfee", "pk": 4}, {"fields": {"amount": 200}, "model": "practice.checkupfee", "pk": 6}, {"fields": {"amount": 500}, "model": "practice.checkupfee", "pk": 7}, {"fields": {"amount": 1000}, "model": "practice.checkupfee", "pk": 8}, {"fields": {"amount": 1200}, "model": "practice.checkupfee", "pk": 9}, {"fields": {"amount": 3000}, "model": "practice.checkupfee", "pk": 10}, {"fields": {"contact_number": "042111171819", "name": "National Hospital & Medical Center", "area": 3, "photo": "practice/defence-national-hospital.png", "lon": 31.4842, "clinic_address": "132/3, L-Block, Near Sports Stadium D.H.A. Lahore Cantt.", "location": null, "lat": 74.397324, "slug": "national-hospital-medical-center"}, "model": "practice.practicelocation", "pk": 1}, {"fields": {"contact_number": "03014445445", "name": "Digestive Disease Center", "area": 46, "photo": "practice/ddc.gif", "lon": 31.502684, "clinic_address": "6-C (West) H-Block, Gulberg III.", "location": null, "lat": 74.343468, "slug": "digestive-disease-center"}, "model": "practice.practicelocation", "pk": 2}, {"fields": {"contact_number": "04236662921 04236662931", "name": "Dr. Muhammad Nazir Private Clinic", "area": 6, "photo": "", "lon": 31.490678, "clinic_address": "Shareef Market Bus Stop, Walton Cantt.", "location": "SRID=4326;POINT (31.4906779999999991 74.3698469999999929)", "lat": 74.369847, "slug": "dr-muhammad-nazir-private-clinic"}, "model": "practice.practicelocation", "pk": 3}, {"fields": {"contact_number": "04235759131 03008168955", "name": "Dr. Syed S. Hasnain Private Clinic", "area": 46, "photo": "", "lon": 31.5546061, "clinic_address": "136-B/E1, Hali Road, Gulberg III", "location": "SRID=4326;POINT (31.5546061000000009 74.3571581000000066)", "lat": 74.3571581, "slug": "dr-syed-s-hasnain-private-clinic"}, "model": "practice.practicelocation", "pk": 4}, {"fields": {"contact_number": "04235201918", "name": "Dr. Masood Sadiq Private Clinic", "area": 8, "photo": "", "lon": 31.481998, "clinic_address": "Maulana Shaukat Ali Rd, Faisal Town.", "location": "SRID=4326;POINT (31.4819980000000008 74.2982329999999962)", "lat": 74.298233, "slug": "dr-masood-sadiq-private-clinic"}, "model": "practice.practicelocation", "pk": 5}, {"fields": {"contact_number": "04235869567", "name": "Prof. Tahir Masood Ahmed Private Clininc", "area": 9, "photo": "", "lon": 31.4956102, "clinic_address": "18-C, Model Town.", "location": "SRID=4326;POINT (31.4956102000000016 74.3306570999999963)", "lat": 74.3306571, "slug": "prof-tahir-masood-ahmed-private-clininc"}, "model": "practice.practicelocation", "pk": 6}, {"fields": {"contact_number": "04235863008", "name": "Dr. Mohammad Anwar's Private Clinic", "area": 46, "photo": "", "lon": 31.5048678, "clinic_address": "56-G, Gulberg III", "location": "SRID=4326;POINT (31.5048677999999995 74.3393575999999996)", "lat": 74.3393576, "slug": "dr-mohammad-anwars-private-clinic"}, "model": "practice.practicelocation", "pk": 7}, {"fields": {"contact_number": "03008446404, 04235716667, 04235716668", "name": "Advance Gastrology & Liver Centre", "area": 48, "photo": "", "lon": 31.53492, "clinic_address": "10-Jail Road Gulberg 5", "location": "SRID=4326;POINT (31.5349199999999996 74.3431099999999958)", "lat": 74.34311, "slug": "advance-gastrology-liver-centre"}, "model": "practice.practicelocation", "pk": 8}, {"fields": {"fee": 1, "practitioner": 3, "phone_ext": null, "practice_location": 2, "practice_type": "P", "modified": "2015-07-11T13:10:40.216Z", "appointments_only": true}, "model": "practice.practice", "pk": 1}, {"fields": {"fee": 1, "practitioner": 3, "phone_ext": null, "practice_location": 1, "practice_type": "H", "modified": "2015-07-11T13:10:40.346Z", "appointments_only": true}, "model": "practice.practice", "pk": 2}, {"fields": {"fee": 2, "practitioner": 5, "phone_ext": "", "practice_location": 3, "practice_type": "P", "modified": "2015-07-17T16:10:37.995Z", "appointments_only": true}, "model": "practice.practice", "pk": 3}, {"fields": {"fee": 3, "practitioner": 6, "phone_ext": "", "practice_location": 4, "practice_type": "P", "modified": "2015-07-17T16:18:29.686Z", "appointments_only": true}, "model": "practice.practice", "pk": 4}, {"fields": {"fee": 4, "practitioner": 7, "phone_ext": "", "practice_location": 5, "practice_type": "P", "modified": "2015-07-17T17:45:57.860Z", "appointments_only": true}, "model": "practice.practice", "pk": 5}, {"fields": {"fee": 3, "practitioner": 9, "phone_ext": "", "practice_location": 8, "practice_type": "P", "modified": "2015-07-17T17:50:00.480Z", "appointments_only": true}, "model": "practice.practice", "pk": 7}, {"fields": {"fee": 4, "practitioner": 10, "phone_ext": "", "practice_location": 7, "practice_type": "P", "modified": "2015-07-17T17:39:12.819Z", "appointments_only": true}, "model": "practice.practice", "pk": 8}, {"fields": {"fee": 4, "practitioner": 8, "phone_ext": "", "practice_location": 6, "practice_type": "P", "modified": "2015-07-17T17:44:32.506Z", "appointments_only": true}, "model": "practice.practice", "pk": 9}, {"fields": {"start_time": "08:00:00", "practice": 1, "day": "1", "end_time": "11:00:00"}, "model": "practice.practicetiming", "pk": 2}, {"fields": {"start_time": "08:00:00", "practice": 1, "day": "2", "end_time": "11:00:00"}, "model": "practice.practicetiming", "pk": 3}, {"fields": {"start_time": "08:00:00", "practice": 1, "day": "3", "end_time": "11:00:00"}, "model": "practice.practicetiming", "pk": 4}, {"fields": {"start_time": "08:00:00", "practice": 1, "day": "4", "end_time": "11:00:00"}, "model": "practice.practicetiming", "pk": 5}, {"fields": {"start_time": "08:00:00", "practice": 1, "day": "5", "end_time": "11:00:00"}, "model": "practice.practicetiming", "pk": 6}, {"fields": {"start_time": "11:30:00", "practice": 2, "day": "1", "end_time": "13:00:00"}, "model": "practice.practicetiming", "pk": 7}, {"fields": {"start_time": "11:30:00", "practice": 2, "day": "2", "end_time": "13:00:00"}, "model": "practice.practicetiming", "pk": 8}, {"fields": {"start_time": "11:30:00", "practice": 2, "day": "3", "end_time": "13:00:00"}, "model": "practice.practicetiming", "pk": 9}, {"fields": {"start_time": "11:30:00", "practice": 2, "day": "4", "end_time": "13:00:00"}, "model": "practice.practicetiming", "pk": 10}, {"fields": {"start_time": "11:30:00", "practice": 2, "day": "5", "end_time": "13:00:00"}, "model": "practice.practicetiming", "pk": 11}, {"fields": {"start_time": "20:00:00", "practice": 1, "day": "1", "end_time": "22:00:00"}, "model": "practice.practicetiming", "pk": 12}, {"fields": {"start_time": "20:00:00", "practice": 1, "day": "3", "end_time": "22:00:00"}, "model": "practice.practicetiming", "pk": 13}, {"fields": {"start_time": "19:30:00", "practice": 3, "day": "1", "end_time": "22:00:00"}, "model": "practice.practicetiming", "pk": 24}, {"fields": {"start_time": "19:30:00", "practice": 3, "day": "2", "end_time": "22:00:00"}, "model": "practice.practicetiming", "pk": 25}, {"fields": {"start_time": "19:30:00", "practice": 3, "day": "3", "end_time": "22:00:00"}, "model": "practice.practicetiming", "pk": 26}, {"fields": {"start_time": "19:30:00", "practice": 3, "day": "4", "end_time": "22:00:00"}, "model": "practice.practicetiming", "pk": 27}, {"fields": {"start_time": "19:30:00", "practice": 3, "day": "5", "end_time": "22:00:00"}, "model": "practice.practicetiming", "pk": 28}, {"fields": {"start_time": "17:00:00", "practice": 4, "day": "1", "end_time": "20:00:00"}, "model": "practice.practicetiming", "pk": 29}, {"fields": {"start_time": "17:00:00", "practice": 4, "day": "2", "end_time": "20:00:00"}, "model": "practice.practicetiming", "pk": 30}, {"fields": {"start_time": "17:00:00", "practice": 4, "day": "3", "end_time": "20:00:00"}, "model": "practice.practicetiming", "pk": 31}, {"fields": {"start_time": "17:00:00", "practice": 4, "day": "4", "end_time": "20:00:00"}, "model": "practice.practicetiming", "pk": 32}, {"fields": {"start_time": "17:00:00", "practice": 4, "day": "5", "end_time": "20:00:00"}, "model": "practice.practicetiming", "pk": 33}, {"fields": {"start_time": "11:00:00", "practice": 8, "day": "1", "end_time": "14:00:00"}, "model": "practice.practicetiming", "pk": 34}, {"fields": {"start_time": "18:00:00", "practice": 8, "day": "1", "end_time": "21:00:00"}, "model": "practice.practicetiming", "pk": 35}, {"fields": {"start_time": "11:00:00", "practice": 8, "day": "2", "end_time": "14:00:00"}, "model": "practice.practicetiming", "pk": 36}, {"fields": {"start_time": "11:00:00", "practice": 8, "day": "3", "end_time": "14:00:00"}, "model": "practice.practicetiming", "pk": 37}, {"fields": {"start_time": "18:00:00", "practice": 8, "day": "3", "end_time": "21:00:00"}, "model": "practice.practicetiming", "pk": 38}, {"fields": {"start_time": "11:00:00", "practice": 8, "day": "5", "end_time": "14:00:00"}, "model": "practice.practicetiming", "pk": 39}, {"fields": {"start_time": "21:00:00", "practice": 8, "day": "5", "end_time": "21:00:00"}, "model": "practice.practicetiming", "pk": 40}, {"fields": {"start_time": "11:00:00", "practice": 8, "day": "6", "end_time": "14:00:00"}, "model": "practice.practicetiming", "pk": 41}, {"fields": {"start_time": "17:00:00", "practice": 9, "day": "1", "end_time": "22:00:00"}, "model": "practice.practicetiming", "pk": 42}, {"fields": {"start_time": "17:00:00", "practice": 9, "day": "2", "end_time": "22:00:00"}, "model": "practice.practicetiming", "pk": 43}, {"fields": {"start_time": "17:00:00", "practice": 9, "day": "3", "end_time": "22:00:00"}, "model": "practice.practicetiming", "pk": 44}, {"fields": {"start_time": "17:00:00", "practice": 9, "day": "4", "end_time": "22:00:00"}, "model": "practice.practicetiming", "pk": 45}, {"fields": {"start_time": "17:00:00", "practice": 9, "day": "5", "end_time": "22:00:00"}, "model": "practice.practicetiming", "pk": 46}, {"fields": {"start_time": "17:00:00", "practice": 9, "day": "6", "end_time": "22:00:00"}, "model": "practice.practicetiming", "pk": 47}, {"fields": {"start_time": "17:00:00", "practice": 5, "day": "1", "end_time": "21:00:00"}, "model": "practice.practicetiming", "pk": 48}, {"fields": {"start_time": "17:00:00", "practice": 5, "day": "2", "end_time": "21:00:00"}, "model": "practice.practicetiming", "pk": 49}, {"fields": {"start_time": "17:00:00", "practice": 5, "day": "3", "end_time": "21:00:00"}, "model": "practice.practicetiming", "pk": 50}, {"fields": {"start_time": "17:00:00", "practice": 5, "day": "4", "end_time": "21:00:00"}, "model": "practice.practicetiming", "pk": 51}, {"fields": {"start_time": "17:00:00", "practice": 5, "day": "5", "end_time": "21:00:00"}, "model": "practice.practicetiming", "pk": 52}, {"fields": {"start_time": "17:00:00", "practice": 5, "day": "6", "end_time": "21:00:00"}, "model": "practice.practicetiming", "pk": 53}, {"fields": {"start_time": "17:00:00", "practice": 7, "day": "1", "end_time": "22:00:00"}, "model": "practice.practicetiming", "pk": 54}, {"fields": {"start_time": "17:00:00", "practice": 7, "day": "2", "end_time": "22:00:00"}, "model": "practice.practicetiming", "pk": 55}, {"fields": {"start_time": "17:00:00", "practice": 7, "day": "3", "end_time": "22:00:00"}, "model": "practice.practicetiming", "pk": 56}, {"fields": {"start_time": "17:00:00", "practice": 7, "day": "4", "end_time": "22:00:00"}, "model": "practice.practicetiming", "pk": 57}, {"fields": {"start_time": "17:00:00", "practice": 7, "day": "5", "end_time": "22:00:00"}, "model": "practice.practicetiming", "pk": 58}, {"fields": {"start_time": "17:00:00", "practice": 7, "day": "6", "end_time": "22:00:00"}, "model": "practice.practicetiming", "pk": 59}]