[{"fields": {"name": "Lahore", "slug": "lahore"}, "model": "practice.city", "pk": 1}, {"fields": {"city": 1, "name": "Dr. Mohammad Anwar's Private Clinic", "lon": 31.5048678, "clinic_address": "56-G, Gulberg III", "lat": 74.3393576, "slug": "dr-mohammad-anwars-private-clinic"}, "model": "practice.practicelocation", "pk": 1}, {"fields": {"city": 1, "name": "Prof. Tahir Masood Ahmed Private Clininc", "lon": 31.4956102, "clinic_address": "18-C, Model Town.", "lat": 74.3306571, "slug": "prof-tahir-masood-ahmed-private-clininc"}, "model": "practice.practicelocation", "pk": 2}, {"fields": {"city": 1, "name": "Dr. Masood Sadiq Private Clinic", "lon": 31.481998, "clinic_address": "Maulana Shaukat Ali Rd, Faisal Town.", "lat": 74.298233, "slug": "dr-masood-sadiq-private-clinic"}, "model": "practice.practicelocation", "pk": 3}, {"fields": {"city": 1, "name": "Digestive Disease Center", "lon": 31.502684, "clinic_address": "6-C (West) H-Block, Gulberg III.", "lat": 74.343468, "slug": "digestive-disease-center"}, "model": "practice.practicelocation", "pk": 4}, {"fields": {"city": 1, "name": "National Hospital & Medical Center, Defence", "lon": 31.4842, "clinic_address": "132/3, L-Block, Near Sports Stadium D.H.A. Lahore Cantt.", "lat": 74.397324, "slug": "national-hospital-medical-center-defence"}, "model": "practice.practicelocation", "pk": 5}, {"fields": {"city": 1, "name": "Advance Gastrology & Liver Centre", "lon": 31.53492, "clinic_address": "10-Jail Road Gulberg 5", "lat": 74.34311, "slug": "advance-gastrology-liver-centre"}, "model": "practice.practicelocation", "pk": 6}, {"fields": {"city": 1, "name": "Dr. Muhammad Nazir Private Clinic", "lon": 31.490678, "clinic_address": "Shareef Market Bus Stop, Walton Cantt.", "lat": 74.369847, "slug": "dr-muhammad-nazir-private-clinic"}, "model": "practice.practicelocation", "pk": 10}, {"fields": {"city": 1, "name": "Dr. Syed S. Hasnain Private Clinic", "lon": 31.4930804, "clinic_address": "136-B/E1, Hali Road, Gulberg III", "lat": 74.326846, "slug": "dr-syed-s-hasnain-private-clinic"}, "model": "practice.practicelocation", "pk": 17}, {"fields": {"practice_photo": "", "contact_number": "04235863008", "practitioner": 1, "checkup_fee": 1500, "practice_location": 1, "practice_type": "P", "modified": "2014-11-25T12:45:23.703Z", "location": "POINT (31.5048677999999995 74.3393575999999996)", "services": "Pediatrics Diagnosis Only.", "appointments_only": true}, "model": "practice.practice", "pk": 1}, {"fields": {"practice_photo": "", "contact_number": "04235869567", "practitioner": 2, "checkup_fee": 1500, "practice_location": 2, "practice_type": "P", "modified": "2014-11-25T13:03:06.884Z", "location": "POINT (31.4956102000000016 74.3306570999999963)", "services": "Pediatrics Diagnosis Only.", "appointments_only": true}, "model": "practice.practice", "pk": 2}, {"fields": {"practice_photo": "practice/dr-masood-sadiq-private-clinic.jpg", "contact_number": "04235201918", "practitioner": 3, "checkup_fee": 1500, "practice_location": 3, "practice_type": "P", "modified": "2015-01-21T09:19:48.121Z", "location": "POINT (31.4819980000000008 74.2982329999999962)", "services": "Echo Charges: 2500rs, Without Echo: 1500rs.", "appointments_only": true}, "model": "practice.practice", "pk": 3}, {"fields": {"practice_photo": "practice/IMG_20150201_121859.jpg", "contact_number": "03014445445", "practitioner": 4, "checkup_fee": 1500, "practice_location": 4, "practice_type": "P", "modified": "2015-02-02T14:02:00.734Z", "location": "POINT (31.5026839999999986 74.3434680000000014)", "services": "http://www.ddc-lahore.com/endo.htm", "appointments_only": true}, "model": "practice.practice", "pk": 4}, {"fields": {"practice_photo": "", "contact_number": "042111171819", "practitioner": 4, "checkup_fee": 2000, "practice_location": 5, "practice_type": "H", "modified": "2014-11-25T13:55:14.618Z", "location": "POINT (31.4842000000000013 74.3973239999999976)", "services": "Details on Call.", "appointments_only": true}, "model": "practice.practice", "pk": 5}, {"fields": {"practice_photo": "", "contact_number": "03008446404, 04235716667, 04235716668", "practitioner": 5, "checkup_fee": 2000, "practice_location": 6, "practice_type": "P", "modified": "2014-11-25T14:10:33.943Z", "location": "POINT (31.5349199999999996 74.3431099999999958)", "services": "He performs diagnostic and therapeutic G I Endoscopic procedures including therapeutic ERCP.", "appointments_only": true}, "model": "practice.practice", "pk": 6}, {"fields": {"practice_photo": "", "contact_number": "04236662921 04236662931", "practitioner": 9, "checkup_fee": 800, "practice_location": 10, "practice_type": "P", "modified": "2015-01-27T14:02:06.369Z", "location": "POINT (31.4930849999999971 74.3268444999999929)", "services": "", "appointments_only": true}, "model": "practice.practice", "pk": 10}, {"fields": {"practice_photo": "practice/dr-syed-s-hasnain-private-clinic.jpg", "contact_number": "04235759131 03008168955", "practitioner": 16, "checkup_fee": 2000, "practice_location": 17, "practice_type": "P", "modified": "2015-01-30T06:21:43.743Z", "location": "POINT (31.4930804000000002 74.3268460000000033)", "services": "Gastroenterology diagnosis and treatment.", "appointments_only": true}, "model": "practice.practice", "pk": 17}, {"fields": {"start_time": "8", "practice": 1, "practitioner": 1, "day": "1", "end_time": "14"}, "model": "practice.practicetiming", "pk": 1}, {"fields": {"start_time": "22", "practice": 1, "practitioner": 1, "day": "1", "end_time": "28"}, "model": "practice.practicetiming", "pk": 2}, {"fields": {"start_time": "8", "practice": 1, "practitioner": 1, "day": "2", "end_time": "14"}, "model": "practice.practicetiming", "pk": 3}, {"fields": {"start_time": "8", "practice": 1, "practitioner": 1, "day": "3", "end_time": "14"}, "model": "practice.practicetiming", "pk": 4}, {"fields": {"start_time": "22", "practice": 1, "practitioner": 1, "day": "3", "end_time": "28"}, "model": "practice.practicetiming", "pk": 5}, {"fields": {"start_time": "8", "practice": 1, "practitioner": 1, "day": "5", "end_time": "14"}, "model": "practice.practicetiming", "pk": 6}, {"fields": {"start_time": "22", "practice": 1, "practitioner": 1, "day": "5", "end_time": "28"}, "model": "practice.practicetiming", "pk": 7}, {"fields": {"start_time": "8", "practice": 1, "practitioner": 1, "day": "6", "end_time": "14"}, "model": "practice.practicetiming", "pk": 8}, {"fields": {"start_time": "20", "practice": 2, "practitioner": 2, "day": "1", "end_time": "30"}, "model": "practice.practicetiming", "pk": 9}, {"fields": {"start_time": "20", "practice": 2, "practitioner": 2, "day": "2", "end_time": "30"}, "model": "practice.practicetiming", "pk": 10}, {"fields": {"start_time": "20", "practice": 2, "practitioner": 2, "day": "3", "end_time": "30"}, "model": "practice.practicetiming", "pk": 11}, {"fields": {"start_time": "20", "practice": 2, "practitioner": 2, "day": "4", "end_time": "30"}, "model": "practice.practicetiming", "pk": 12}, {"fields": {"start_time": "20", "practice": 2, "practitioner": 2, "day": "5", "end_time": "30"}, "model": "practice.practicetiming", "pk": 13}, {"fields": {"start_time": "20", "practice": 2, "practitioner": 2, "day": "6", "end_time": "30"}, "model": "practice.practicetiming", "pk": 14}, {"fields": {"start_time": "20", "practice": 3, "practitioner": 3, "day": "1", "end_time": "28"}, "model": "practice.practicetiming", "pk": 15}, {"fields": {"start_time": "20", "practice": 3, "practitioner": 3, "day": "2", "end_time": "28"}, "model": "practice.practicetiming", "pk": 16}, {"fields": {"start_time": "20", "practice": 3, "practitioner": 3, "day": "3", "end_time": "28"}, "model": "practice.practicetiming", "pk": 17}, {"fields": {"start_time": "20", "practice": 3, "practitioner": 3, "day": "4", "end_time": "28"}, "model": "practice.practicetiming", "pk": 18}, {"fields": {"start_time": "20", "practice": 3, "practitioner": 3, "day": "5", "end_time": "28"}, "model": "practice.practicetiming", "pk": 19}, {"fields": {"start_time": "20", "practice": 3, "practitioner": 3, "day": "6", "end_time": "28"}, "model": "practice.practicetiming", "pk": 20}, {"fields": {"start_time": "2", "practice": 4, "practitioner": 4, "day": "1", "end_time": "8"}, "model": "practice.practicetiming", "pk": 21}, {"fields": {"start_time": "26", "practice": 4, "practitioner": 4, "day": "1", "end_time": "30"}, "model": "practice.practicetiming", "pk": 22}, {"fields": {"start_time": "2", "practice": 4, "practitioner": 4, "day": "2", "end_time": "8"}, "model": "practice.practicetiming", "pk": 23}, {"fields": {"start_time": "2", "practice": 4, "practitioner": 4, "day": "3", "end_time": "8"}, "model": "practice.practicetiming", "pk": 24}, {"fields": {"start_time": "26", "practice": 4, "practitioner": 4, "day": "3", "end_time": "30"}, "model": "practice.practicetiming", "pk": 25}, {"fields": {"start_time": "2", "practice": 4, "practitioner": 4, "day": "4", "end_time": "8"}, "model": "practice.practicetiming", "pk": 26}, {"fields": {"start_time": "2", "practice": 4, "practitioner": 4, "day": "5", "end_time": "8"}, "model": "practice.practicetiming", "pk": 27}, {"fields": {"start_time": "9", "practice": 5, "practitioner": 4, "day": "1", "end_time": "12"}, "model": "practice.practicetiming", "pk": 28}, {"fields": {"start_time": "9", "practice": 5, "practitioner": 4, "day": "2", "end_time": "12"}, "model": "practice.practicetiming", "pk": 29}, {"fields": {"start_time": "9", "practice": 5, "practitioner": 4, "day": "3", "end_time": "12"}, "model": "practice.practicetiming", "pk": 30}, {"fields": {"start_time": "9", "practice": 5, "practitioner": 4, "day": "4", "end_time": "12"}, "model": "practice.practicetiming", "pk": 31}, {"fields": {"start_time": "9", "practice": 5, "practitioner": 4, "day": "5", "end_time": "12"}, "model": "practice.practicetiming", "pk": 32}, {"fields": {"start_time": "20", "practice": 6, "practitioner": 5, "day": "1", "end_time": "30"}, "model": "practice.practicetiming", "pk": 33}, {"fields": {"start_time": "20", "practice": 6, "practitioner": 5, "day": "2", "end_time": "30"}, "model": "practice.practicetiming", "pk": 34}, {"fields": {"start_time": "20", "practice": 6, "practitioner": 5, "day": "3", "end_time": "30"}, "model": "practice.practicetiming", "pk": 35}, {"fields": {"start_time": "20", "practice": 6, "practitioner": 5, "day": "4", "end_time": "30"}, "model": "practice.practicetiming", "pk": 36}, {"fields": {"start_time": "20", "practice": 6, "practitioner": 5, "day": "5", "end_time": "30"}, "model": "practice.practicetiming", "pk": 37}, {"fields": {"start_time": "20", "practice": 6, "practitioner": 5, "day": "6", "end_time": "30"}, "model": "practice.practicetiming", "pk": 38}, {"fields": {"start_time": "25", "practice": 10, "practitioner": 9, "day": "1", "end_time": "30"}, "model": "practice.practicetiming", "pk": 54}, {"fields": {"start_time": "25", "practice": 10, "practitioner": 9, "day": "2", "end_time": "30"}, "model": "practice.practicetiming", "pk": 55}, {"fields": {"start_time": "25", "practice": 10, "practitioner": 9, "day": "3", "end_time": "30"}, "model": "practice.practicetiming", "pk": 56}, {"fields": {"start_time": "25", "practice": 10, "practitioner": 9, "day": "4", "end_time": "30"}, "model": "practice.practicetiming", "pk": 57}, {"fields": {"start_time": "25", "practice": 10, "practitioner": 9, "day": "5", "end_time": "30"}, "model": "practice.practicetiming", "pk": 58}, {"fields": {"start_time": "20", "practice": 17, "practitioner": 16, "day": "1", "end_time": "26"}, "model": "practice.practicetiming", "pk": 89}, {"fields": {"start_time": "20", "practice": 17, "practitioner": 16, "day": "2", "end_time": "26"}, "model": "practice.practicetiming", "pk": 90}, {"fields": {"start_time": "20", "practice": 17, "practitioner": 16, "day": "3", "end_time": "26"}, "model": "practice.practicetiming", "pk": 91}, {"fields": {"start_time": "20", "practice": 17, "practitioner": 16, "day": "4", "end_time": "26"}, "model": "practice.practicetiming", "pk": 92}, {"fields": {"start_time": "20", "practice": 17, "practitioner": 16, "day": "5", "end_time": "26"}, "model": "practice.practicetiming", "pk": 93}, {"fields": {"city": 1, "speciality": 1, "hit_count": 29}, "model": "practice.recentsearch", "pk": 4}, {"fields": {"city": 1, "speciality": 2, "hit_count": 24}, "model": "practice.recentsearch", "pk": 5}, {"fields": {"city": 1, "speciality": 17, "hit_count": 19}, "model": "practice.recentsearch", "pk": 6}]