[{"fields": {"name": "Lahore", "slug": "lahore"}, "model": "practice.city", "pk": 1}, {"fields": {"city": 1, "name": "Dr. Mohammad Anwar's Private Clininc", "lon": 31.5048678, "clinic_address": "56-G, Gulberg III", "lat": 74.3393576, "slug": "dr-mohammad-anwars-private-clininc"}, "model": "practice.practicelocation", "pk": 1}, {"fields": {"city": 1, "name": "Prof. Tahir Masood Ahmed Private Clininc", "lon": 31.4956102, "clinic_address": "18-C, Model Town", "lat": 74.3306571, "slug": "prof-tahir-masood-ahmed-private-clininc"}, "model": "practice.practicelocation", "pk": 2}, {"fields": {"city": 1, "name": "Digestive Disease Center", "lon": 31.502684, "clinic_address": "6-C (West) H-Block, Gulberg III", "lat": 74.343468, "slug": "digestive-disease-center"}, "model": "practice.practicelocation", "pk": 3}, {"fields": {"city": 1, "name": "National Hospital & Medical Center, Defence", "lon": 31.4842, "clinic_address": "132/3, L-Block, Near Sports Stadium D.H.A. Lahore Cantt.", "lat": 74.397324, "slug": "national-hospital-medical-center-defence"}, "model": "practice.practicelocation", "pk": 4}, {"fields": {"city": 1, "name": "Dr. Masood Sadiq Private Clinic", "lon": 31.481998, "clinic_address": "Maulana Shaukat Ali Rd, Faisal Town", "lat": 74.298233, "slug": "dr-masood-sadiq-private-clinic"}, "model": "practice.practicelocation", "pk": 5}, {"fields": {"contact_number": "04235863008", "practitioner": 1, "checkup_fee": 1500, "practice_location": 1, "practice_type": "P", "modified": "2014-11-05T12:53:21.592Z", "checkup_on_waiting": true, "location": "POINT (31.5048677999999995 74.3393575999999996)", "services": "Pediatrics Diagnosis Only.", "appointments_only": true}, "model": "practice.practice", "pk": 1}, {"fields": {"contact_number": "04235869567", "practitioner": 2, "checkup_fee": 2000, "practice_location": 2, "practice_type": "P", "modified": "2014-11-06T19:07:16.635Z", "checkup_on_waiting": true, "location": "POINT (31.4956102000000016 74.3306570999999963)", "services": "Pediatrics Diagnosis Only.", "appointments_only": true}, "model": "practice.practice", "pk": 2}, {"fields": {"contact_number": "03014445445", "practitioner": 3, "checkup_fee": 1500, "practice_location": 3, "practice_type": "P", "modified": "2014-11-06T19:45:29.131Z", "checkup_on_waiting": true, "location": "POINT (31.5026839999999986 74.3434680000000014)", "services": "http://www.ddc-lahore.com/endo.htm", "appointments_only": true}, "model": "practice.practice", "pk": 3}, {"fields": {"contact_number": "042111171819", "practitioner": 3, "checkup_fee": 2000, "practice_location": 4, "practice_type": "H", "modified": "2014-11-06T20:01:15.197Z", "checkup_on_waiting": false, "location": "POINT (31.4842000000000013 74.3973239999999976)", "services": "Details on Call.", "appointments_only": true}, "model": "practice.practice", "pk": 4}, {"fields": {"contact_number": "04235201918", "practitioner": 5, "checkup_fee": 1500, "practice_location": 5, "practice_type": "P", "modified": "2014-11-06T20:34:24.470Z", "checkup_on_waiting": false, "location": "POINT (31.4819980000000008 74.2982329999999962)", "services": "Echo Charges: 2500rs, Without Echo: 1500rs\t", "appointments_only": true}, "model": "practice.practice", "pk": 5}, {"fields": {"start_time": "11", "practice": 1, "practitioner": 1, "day": "Mon", "end_time": "14"}, "model": "practice.practicetiming", "pk": 1}, {"fields": {"start_time": "18", "practice": 1, "practitioner": 1, "day": "Mon", "end_time": "21"}, "model": "practice.practicetiming", "pk": 2}, {"fields": {"start_time": "11", "practice": 1, "practitioner": 1, "day": "Tue", "end_time": "14"}, "model": "practice.practicetiming", "pk": 3}, {"fields": {"start_time": "11", "practice": 1, "practitioner": 1, "day": "Wed", "end_time": "14"}, "model": "practice.practicetiming", "pk": 4}, {"fields": {"start_time": "18", "practice": 1, "practitioner": 1, "day": "Wed", "end_time": "21"}, "model": "practice.practicetiming", "pk": 5}, {"fields": {"start_time": "11", "practice": 1, "practitioner": 1, "day": "Fri", "end_time": "14"}, "model": "practice.practicetiming", "pk": 6}, {"fields": {"start_time": "18", "practice": 1, "practitioner": 1, "day": "Fri", "end_time": "21"}, "model": "practice.practicetiming", "pk": 7}, {"fields": {"start_time": "11", "practice": 1, "practitioner": 1, "day": "Sat", "end_time": "14"}, "model": "practice.practicetiming", "pk": 8}, {"fields": {"start_time": "18", "practice": 1, "practitioner": 1, "day": "Sat", "end_time": "21"}, "model": "practice.practicetiming", "pk": 9}, {"fields": {"start_time": "17", "practice": 2, "practitioner": 2, "day": "Mon", "end_time": "22"}, "model": "practice.practicetiming", "pk": 10}, {"fields": {"start_time": "17", "practice": 2, "practitioner": 2, "day": "Tue", "end_time": "22"}, "model": "practice.practicetiming", "pk": 11}, {"fields": {"start_time": "17", "practice": 2, "practitioner": 2, "day": "Wed", "end_time": "22"}, "model": "practice.practicetiming", "pk": 12}, {"fields": {"start_time": "17", "practice": 2, "practitioner": 2, "day": "Thu", "end_time": "22"}, "model": "practice.practicetiming", "pk": 13}, {"fields": {"start_time": "17", "practice": 2, "practitioner": 2, "day": "Fri", "end_time": "22"}, "model": "practice.practicetiming", "pk": 14}, {"fields": {"start_time": "17", "practice": 2, "practitioner": 2, "day": "Sat", "end_time": "22"}, "model": "practice.practicetiming", "pk": 15}, {"fields": {"start_time": "8", "practice": 3, "practitioner": 3, "day": "Mon", "end_time": "11"}, "model": "practice.practicetiming", "pk": 16}, {"fields": {"start_time": "20", "practice": 3, "practitioner": 3, "day": "Mon", "end_time": "22"}, "model": "practice.practicetiming", "pk": 17}, {"fields": {"start_time": "8", "practice": 3, "practitioner": 3, "day": "Tue", "end_time": "11"}, "model": "practice.practicetiming", "pk": 18}, {"fields": {"start_time": "8", "practice": 3, "practitioner": 3, "day": "Wed", "end_time": "11"}, "model": "practice.practicetiming", "pk": 19}, {"fields": {"start_time": "20", "practice": 3, "practitioner": 3, "day": "Wed", "end_time": "22"}, "model": "practice.practicetiming", "pk": 20}, {"fields": {"start_time": "8", "practice": 3, "practitioner": 3, "day": "Thu", "end_time": "11"}, "model": "practice.practicetiming", "pk": 21}, {"fields": {"start_time": "8", "practice": 3, "practitioner": 3, "day": "Fri", "end_time": "11"}, "model": "practice.practicetiming", "pk": 22}, {"fields": {"start_time": "20", "practice": 3, "practitioner": 3, "day": "Fri", "end_time": "22"}, "model": "practice.practicetiming", "pk": 23}, {"fields": {"start_time": "11.5", "practice": 4, "practitioner": 3, "day": "Mon", "end_time": "13"}, "model": "practice.practicetiming", "pk": 24}, {"fields": {"start_time": "11.5", "practice": 4, "practitioner": 3, "day": "Tue", "end_time": "13"}, "model": "practice.practicetiming", "pk": 25}, {"fields": {"start_time": "11.5", "practice": 4, "practitioner": 3, "day": "Wed", "end_time": "13"}, "model": "practice.practicetiming", "pk": 26}, {"fields": {"start_time": "11.5", "practice": 4, "practitioner": 3, "day": "Thu", "end_time": "13"}, "model": "practice.practicetiming", "pk": 27}, {"fields": {"start_time": "11.5", "practice": 4, "practitioner": 3, "day": "Fri", "end_time": "13"}, "model": "practice.practicetiming", "pk": 28}, {"fields": {"start_time": "17", "practice": 5, "practitioner": 5, "day": "Mon", "end_time": "21"}, "model": "practice.practicetiming", "pk": 29}, {"fields": {"start_time": "17", "practice": 5, "practitioner": 5, "day": "Tue", "end_time": "21"}, "model": "practice.practicetiming", "pk": 30}, {"fields": {"start_time": "17", "practice": 5, "practitioner": 5, "day": "Wed", "end_time": "21"}, "model": "practice.practicetiming", "pk": 31}, {"fields": {"start_time": "17", "practice": 5, "practitioner": 5, "day": "Thu", "end_time": "21"}, "model": "practice.practicetiming", "pk": 32}, {"fields": {"start_time": "17", "practice": 5, "practitioner": 5, "day": "Fri", "end_time": "21"}, "model": "practice.practicetiming", "pk": 33}]